icao24;callsign;estDepartureAirport;estArrivalAirport;firstSeen_dt;lastSeen_dt;fecha_salida;hora_salida;dia_semana;mes;anio;duracion_minutos
7800ac;CXA841  ;;;2024-01-29 12:42:45;2024-01-29 12:55:43;2024-01-29;12;Monday;1;2024;12,966666666666669
8880b0;VJC778  ;;VVGL;2024-01-29 12:16:09;2024-01-29 12:41:59;2024-01-29;12;Monday;1;2024;25,83333333333333
4bcdd2;SXS8SU  ;;;2024-01-29 12:04:59;2024-01-29 12:32:00;2024-01-29;12;Monday;1;2024;27,016666666666666
8a0244;GIA325  ;;;2024-01-29 12:05:48;2024-01-29 12:25:25;2024-01-29;12;Monday;1;2024;19,616666666666667
7c6bc1;JST16   ;RJBB;;2024-01-29 12:14:44;2024-01-29 12:33:41;2024-01-29;12;Monday;1;2024;18,95
05a054;DQA706  ;;;2024-01-29 12:43:21;2024-01-29 12:54:05;2024-01-29;12;Monday;1;2024;10,733333333333333
aa7427;UAL172  ;RJGG;;2024-01-29 12:00:15;2024-01-29 12:24:14;2024-01-29;12;Monday;1;2024;23,98333333333333
781085;CQH6512 ;;;2024-01-29 12:16:39;2024-01-29 12:30:29;2024-01-29;12;Monday;1;2024;13,833333333333334
78007c;CSN3923 ;;;2024-01-29 12:03:57;2024-01-29 12:57:44;2024-01-29;12;Monday;1;2024;53,78333333333333
e49d4b;PSAJG   ;;;2024-01-29 12:13:14;2024-01-29 12:48:51;2024-01-29;12;Monday;1;2024;35,61666666666667
7c6bbb;JST26   ;RJAA;;2024-01-29 12:08:53;2024-01-29 12:33:26;2024-01-29;12;Monday;1;2024;24,55
780b1f;CSZ9113 ;ZGSZ;;2024-01-29 12:44:05;2024-01-29 12:57:13;2024-01-29;12;Monday;1;2024;13,133333333333333
8990b2;EVA834  ;;;2024-01-29 12:17:49;2024-01-29 12:34:51;2024-01-29;12;Monday;1;2024;17,033333333333335
151dbc;AFL635  ;;;2024-01-29 12:04:49;2024-01-29 12:39:42;2024-01-29;12;Monday;1;2024;34,88333333333333
78189b;CES6332 ;;;2024-01-29 12:06:11;2024-01-29 12:55:19;2024-01-29;12;Monday;1;2024;49,13333333333333
8a03af;CTV726  ;;;2024-01-29 12:32:03;2024-01-29 12:48:41;2024-01-29;12;Monday;1;2024;16,633333333333333
151df5;SDM6564 ;;;2024-01-29 12:09:44;2024-01-29 12:21:28;2024-01-29;12;Monday;1;2024;11,733333333333333
780478;CXA8380 ;ZGSZ;;2024-01-29 12:19:41;2024-01-29 12:32:22;2024-01-29;12;Monday;1;2024;12,683333333333334
780673;CSN6373 ;;;2024-01-29 12:33:09;2024-01-29 12:47:45;2024-01-29;12;Monday;1;2024;14,6
a67231;VOI5218 ;MMMX;;2024-01-29 12:10:03;2024-01-29 12:37:54;2024-01-29;12;Monday;1;2024;27,85
8a0940;LNI309  ;;;2024-01-29 12:04:57;2024-01-29 12:53:20;2024-01-29;12;Monday;1;2024;48,38333333333333
8a0507;CTV173  ;;;2024-01-29 12:23:24;2024-01-29 12:41:26;2024-01-29;12;Monday;1;2024;18,03333333333333
7802dd;HBH3668 ;ZGSZ;;2024-01-29 12:39:28;2024-01-29 12:52:47;2024-01-29;12;Monday;1;2024;13,316666666666666
780486;CSN3589 ;ZGSZ;;2024-01-29 12:37:26;2024-01-29 12:49:49;2024-01-29;12;Monday;1;2024;12,383333333333333
7810ad;EPA6335 ;ZGSZ;;2024-01-29 12:32:27;2024-01-29 12:46:29;2024-01-29;12;Monday;1;2024;14,033333333333331
0c205c;CMP435  ;KMCO;;2024-01-29 12:21:53;2024-01-29 12:55:29;2024-01-29;12;Monday;1;2024;33,6
8a08ea;SJV816  ;;;2024-01-29 12:12:14;2024-01-29 12:26:12;2024-01-29;12;Monday;1;2024;13,966666666666669
780086;CSN367  ;;;2024-01-29 12:32:06;2024-01-29 12:45:59;2024-01-29;12;Monday;1;2024;13,883333333333333
750288;AXM5228 ;;;2024-01-29 12:18:05;2024-01-29 12:30:29;2024-01-29;12;Monday;1;2024;12,4
780bd1;CSN3866 ;;;2024-01-29 12:08:12;2024-01-29 12:33:23;2024-01-29;12;Monday;1;2024;25,183333333333334
e49312;AZU4578 ;;;2024-01-29 12:19:29;2024-01-29 12:45:23;2024-01-29;12;Monday;1;2024;25,9
800cba;VTI622  ;;;2024-01-29 12:19:25;2024-01-29 12:56:20;2024-01-29;12;Monday;1;2024;36,91666666666666
7811a9;CSZ9319 ;ZGSZ;;2024-01-29 12:41:03;2024-01-29 12:54:15;2024-01-29;12;Monday;1;2024;13,2
0d08a7;FAM5209 ;MMSM;;2024-01-29 12:09:46;2024-01-29 12:21:23;2024-01-29;12;Monday;1;2024;11,616666666666667
781002;CHH7357 ;ZGSZ;;2024-01-29 12:35:15;2024-01-29 12:49:28;2024-01-29;12;Monday;1;2024;14,216666666666669
7609b6;PIA305  ;OPLA;;2024-01-29 12:14:10;2024-01-29 12:51:37;2024-01-29;12;Monday;1;2024;37,45
345543;ANE060  ;;;2024-01-29 12:04:18;2024-01-29 12:29:09;2024-01-29;12;Monday;1;2024;24,85
781408;CSC3940 ;;;2024-01-29 12:18:15;2024-01-29 12:49:24;2024-01-29;12;Monday;1;2024;31,15
8a0377;CTV331  ;;;2024-01-29 12:33:29;2024-01-29 12:51:29;2024-01-29;12;Monday;1;2024;18,0
7808c0;CSN6551 ;ZGSZ;;2024-01-29 12:12:57;2024-01-29 12:24:35;2024-01-29;12;Monday;1;2024;11,633333333333333
781ff7;CES5550 ;;;2024-01-29 12:36:09;2024-01-29 12:56:52;2024-01-29;12;Monday;1;2024;20,716666666666665
8a09a1;BTK6211 ;;;2024-01-29 12:18:27;2024-01-29 12:29:14;2024-01-29;12;Monday;1;2024;10,783333333333331
78067b;CDG1160 ;VMMC;;2024-01-29 12:23:10;2024-01-29 12:36:55;2024-01-29;12;Monday;1;2024;13,75
7807cd;CCA8324 ;;;2024-01-29 12:27:08;2024-01-29 12:42:11;2024-01-29;12;Monday;1;2024;15,05
06a256;LHOB271 ;HEAR;;2024-01-29 12:26:43;2024-01-29 12:49:26;2024-01-29;12;Monday;1;2024;22,716666666666665
8a024c;LNI673  ;;;2024-01-29 12:21:03;2024-01-29 12:31:34;2024-01-29;12;Monday;1;2024;10,516666666666667
8a01dd;GIA328  ;;;2024-01-29 12:24:25;2024-01-29 12:42:56;2024-01-29;12;Monday;1;2024;18,516666666666666
7805fd;CSN5903 ;ZGSZ;;2024-01-29 12:42:23;2024-01-29 12:56:16;2024-01-29;12;Monday;1;2024;13,883333333333333
888054;HVN219  ;VVGL;;2024-01-29 12:13:21;2024-01-29 12:34:54;2024-01-29;12;Monday;1;2024;21,55
781711;CSZ9215 ;ZGSZ;;2024-01-29 12:02:50;2024-01-29 12:17:54;2024-01-29;12;Monday;1;2024;15,066666666666666
780fbd;CSH9250 ;;;2024-01-29 12:26:39;2024-01-29 12:45:36;2024-01-29;12;Monday;1;2024;18,95
7808ca;CCA2692 ;VMMC;;2024-01-29 12:19:20;2024-01-29 12:34:58;2024-01-29;12;Monday;1;2024;15,633333333333333
781601;AMU008  ;;;2024-01-29 12:01:35;2024-01-29 12:13:47;2024-01-29;12;Monday;1;2024;12,2
780a49;CPA362  ;VHHH;;2024-01-29 12:00:56;2024-01-29 12:59:25;2024-01-29;12;Monday;1;2024;58,48333333333333
70e083;MMA332  ;VTBS;;2024-01-29 12:39:22;2024-01-29 12:56:55;2024-01-29;12;Monday;1;2024;17,55
a006b6;N100WP  ;;KLZU;2024-01-29 12:08:38;2024-01-29 12:38:55;2024-01-29;12;Monday;1;2024;30,28333333333333
a25184;AER43   ;PANC;;2024-01-29 12:19:15;2024-01-29 12:56:17;2024-01-29;12;Monday;1;2024;37,03333333333333
e495db;TAM3210 ;;;2024-01-29 12:04:44;2024-01-29 12:28:50;2024-01-29;12;Monday;1;2024;24,1
e8c08a;OB2174  ;;SPJC;2024-01-29 12:19:46;2024-01-29 12:37:24;2024-01-29;12;Monday;1;2024;17,633333333333333
47807e;NOR72T  ;ENBR;ENBR;2024-01-29 12:00:54;2024-01-29 12:17:27;2024-01-29;12;Monday;1;2024;16,55
484966;KLM1010 ;EGLL;EHAM;2024-01-29 12:07:15;2024-01-29 12:48:57;2024-01-29;12;Monday;1;2024;41,7
a6d2d9;N539LC  ;KEKM;OI38;2024-01-29 12:33:53;2024-01-29 12:55:56;2024-01-29;12;Monday;1;2024;22,05
e0658f;ARG1603 ;;SABE;2024-01-29 12:17:05;2024-01-29 12:46:07;2024-01-29;12;Monday;1;2024;29,03333333333333
e80412;LPE2181 ;;SPJC;2024-01-29 12:31:16;2024-01-29 12:56:24;2024-01-29;12;Monday;1;2024;25,133333333333333
a37aee;N323RB  ;53GA;2AL8;2024-01-29 12:07:12;2024-01-29 12:41:57;2024-01-29;12;Monday;1;2024;34,75
a88c60;N65WL   ;EGNV;EIDW;2024-01-29 12:11:30;2024-01-29 12:51:23;2024-01-29;12;Monday;1;2024;39,88333333333333
abd1e3;SWA3286 ;KMSY;;2024-01-29 12:38:21;2024-01-29 12:50:56;2024-01-29;12;Monday;1;2024;12,583333333333334
e482c6;TAM3804 ;SBBR;;2024-01-29 12:09:53;2024-01-29 12:39:58;2024-01-29;12;Monday;1;2024;30,08333333333333
e48eff;GLO1232 ;SBSP;;2024-01-29 12:02:00;2024-01-29 12:18:59;2024-01-29;12;Monday;1;2024;16,983333333333334
3d0924;DEBSE   ;EDMS;LOWS;2024-01-29 12:23:30;2024-01-29 12:53:13;2024-01-29;12;Monday;1;2024;29,716666666666665
3d7b22;DFSWO   ;EDLP;EDDW;2024-01-29 12:00:32;2024-01-29 12:23:44;2024-01-29;12;Monday;1;2024;23,2
a9cbb8;N730GY  ;;KDAL;2024-01-29 12:18:34;2024-01-29 12:47:36;2024-01-29;12;Monday;1;2024;29,03333333333333
e0b2c5;ARG1354 ;SABE;;2024-01-29 12:05:27;2024-01-29 12:27:59;2024-01-29;12;Monday;1;2024;22,53333333333333
405f11;EZY20HX ;EGGW;EHAM;2024-01-29 12:16:38;2024-01-29 12:57:09;2024-01-29;12;Monday;1;2024;40,516666666666666
3ddc74;CHX88   ;EDDN;EDDN;2024-01-29 12:30:14;2024-01-29 12:44:18;2024-01-29;12;Monday;1;2024;14,066666666666666
3df79d;NHC47   ;;EDWI;2024-01-29 12:19:00;2024-01-29 12:30:26;2024-01-29;12;Monday;1;2024;11,433333333333334
80161a;IGO2095 ;VIDP;;2024-01-29 12:17:45;2024-01-29 12:55:42;2024-01-29;12;Monday;1;2024;37,95
861bec;ANA416  ;RJBE;RJTT;2024-01-29 12:08:03;2024-01-29 12:52:45;2024-01-29;12;Monday;1;2024;44,7
8940c3;GFA070  ;;;2024-01-29 12:21:07;2024-01-29 12:40:16;2024-01-29;12;Monday;1;2024;19,15
ada70c;JED173  ;KDAB;KOMN;2024-01-29 12:26:45;2024-01-29 12:50:29;2024-01-29;12;Monday;1;2024;23,73333333333333
0d071b;AMX113  ;MMMX;;2024-01-29 12:39:18;2024-01-29 12:51:32;2024-01-29;12;Monday;1;2024;12,233333333333333
406dce;LOG904  ;;EGPD;2024-01-29 12:22:17;2024-01-29 12:53:08;2024-01-29;12;Monday;1;2024;30,85
80162a;IGO7423 ;;VOBL;2024-01-29 12:21:00;2024-01-29 12:50:10;2024-01-29;12;Monday;1;2024;29,166666666666668
89611a;UAE508  ;OMDB;;2024-01-29 12:10:12;2024-01-29 12:21:46;2024-01-29;12;Monday;1;2024;11,566666666666666
a03ee0;N115BA  ;KSGR;KAUS;2024-01-29 12:19:34;2024-01-29 12:46:49;2024-01-29;12;Monday;1;2024;27,25
ac0fb6;SWA3952 ;KTPA;;2024-01-29 12:30:10;2024-01-29 12:58:42;2024-01-29;12;Monday;1;2024;28,53333333333333
e49699;AZU4452 ;;;2024-01-29 12:02:08;2024-01-29 12:18:47;2024-01-29;12;Monday;1;2024;16,65
780726;CHB6386 ;;;2024-01-29 12:31:00;2024-01-29 12:56:43;2024-01-29;12;Monday;1;2024;25,716666666666665
846f00;JAL920  ;;RJTT;2024-01-29 12:13:31;2024-01-29 12:56:58;2024-01-29;12;Monday;1;2024;43,45
e4948b;AZU4854 ;SBKP;;2024-01-29 12:23:30;2024-01-29 12:42:23;2024-01-29;12;Monday;1;2024;18,883333333333333
780e97;LKE801  ;;VTBS;2024-01-29 12:13:00;2024-01-29 12:42:42;2024-01-29;12;Monday;1;2024;29,7
800af1;IGO517  ;;VOBL;2024-01-29 12:08:31;2024-01-29 12:32:22;2024-01-29;12;Monday;1;2024;23,85
ac71dd;AAL1885 ;KCLT;;2024-01-29 12:32:21;2024-01-29 12:55:15;2024-01-29;12;Monday;1;2024;22,9
00a706;ZSOTP   ;;FAGC;2024-01-29 12:28:50;2024-01-29 12:57:12;2024-01-29;12;Monday;1;2024;28,366666666666667
398570;AFR74YR ;LFPG;LFRN;2024-01-29 12:03:39;2024-01-29 12:41:15;2024-01-29;12;Monday;1;2024;37,6
3cdde1;SFG55A  ;ELLX;LSZS;2024-01-29 12:01:09;2024-01-29 12:46:28;2024-01-29;12;Monday;1;2024;45,31666666666667
4b43b1;RGA02   ;LSZB;LSZM;2024-01-29 12:33:00;2024-01-29 12:51:28;2024-01-29;12;Monday;1;2024;18,466666666666665
4c01f2;ASL51U  ;LYBE;;2024-01-29 12:42:25;2024-01-29 12:54:56;2024-01-29;12;Monday;1;2024;12,516666666666667
750493;AXM861  ;;WMKK;2024-01-29 12:15:09;2024-01-29 12:33:29;2024-01-29;12;Monday;1;2024;18,33333333333333
8a03b2;CTV938  ;;;2024-01-29 12:04:48;2024-01-29 12:33:05;2024-01-29;12;Monday;1;2024;28,28333333333333
706029;KAC198  ;;OKBK;2024-01-29 12:21:48;2024-01-29 12:44:14;2024-01-29;12;Monday;1;2024;22,433333333333334
a1dbee;N219LC  ;KHKY;KRUQ;2024-01-29 12:42:10;2024-01-29 12:52:23;2024-01-29;12;Monday;1;2024;10,216666666666669
a3d1b1;UPS105  ;;;2024-01-29 12:28:12;2024-01-29 12:47:24;2024-01-29;12;Monday;1;2024;19,2
a997a9;N717SL  ;KSPG;KLEE;2024-01-29 12:08:28;2024-01-29 12:56:58;2024-01-29;12;Monday;1;2024;48,5
dbb3fe;;WA78;10OR;2024-01-29 12:14:06;2024-01-29 12:30:58;2024-01-29;12;Monday;1;2024;16,866666666666667
8881d9;VJC153  ;VVGL;;2024-01-29 12:00:11;2024-01-29 12:21:59;2024-01-29;12;Monday;1;2024;21,8
8963b2;FDB8098 ;;OMDB;2024-01-29 12:12:07;2024-01-29 12:26:35;2024-01-29;12;Monday;1;2024;14,466666666666669
406cbc;HLE22   ;EGUO;EGDT;2024-01-29 12:29:45;2024-01-29 12:40:57;2024-01-29;12;Monday;1;2024;11,2
a52bfb;EJA432  ;KROC;KHPN;2024-01-29 12:03:53;2024-01-29 12:50:02;2024-01-29;12;Monday;1;2024;46,15
096030;;;FAOR;2024-01-29 12:15:40;2024-01-29 12:43:11;2024-01-29;12;Monday;1;2024;27,516666666666666
346445;EAX3H   ;LELL;LELL;2024-01-29 12:08:12;2024-01-29 12:55:50;2024-01-29;12;Monday;1;2024;47,63333333333333
46bc52;AEE293  ;;;2024-01-29 12:33:04;2024-01-29 12:53:53;2024-01-29;12;Monday;1;2024;20,816666666666663
76b44c;SIA735  ;;WSSS;2024-01-29 12:12:30;2024-01-29 12:56:11;2024-01-29;12;Monday;1;2024;43,68333333333333
781ce2;CCA2683 ;;;2024-01-29 12:00:09;2024-01-29 12:18:14;2024-01-29;12;Monday;1;2024;18,08333333333333
880c4a;AIQ254  ;;VTBD;2024-01-29 12:38:32;2024-01-29 12:51:37;2024-01-29;12;Monday;1;2024;13,083333333333334
885225;THA584  ;VTBS;;2024-01-29 12:11:16;2024-01-29 12:27:55;2024-01-29;12;Monday;1;2024;16,65
3c4dca;DLH7XV  ;LSZM;EDDM;2024-01-29 12:15:15;2024-01-29 12:52:58;2024-01-29;12;Monday;1;2024;37,71666666666667
4b8e47;PGT318L ;LTFJ;;2024-01-29 12:34:40;2024-01-29 12:58:29;2024-01-29;12;Monday;1;2024;23,816666666666663
868338;ANA99   ;RJTT;;2024-01-29 12:13:32;2024-01-29 12:59:37;2024-01-29;12;Monday;1;2024;46,083333333333336
8a098d;AWQ268  ;;WSSS;2024-01-29 12:13:30;2024-01-29 12:48:56;2024-01-29;12;Monday;1;2024;35,43333333333333
a687a9;N52MA   ;KLEE;FL19;2024-01-29 12:36:07;2024-01-29 12:48:56;2024-01-29;12;Monday;1;2024;12,816666666666666
ada9b3;N98KG   ;KCRS;KCPT;2024-01-29 12:27:53;2024-01-29 12:50:58;2024-01-29;12;Monday;1;2024;23,08333333333333
e491af;TAM3552 ;;;2024-01-29 12:12:23;2024-01-29 12:23:52;2024-01-29;12;Monday;1;2024;11,483333333333333
40113c;BHL45D  ;;EGPD;2024-01-29 12:04:33;2024-01-29 12:31:48;2024-01-29;12;Monday;1;2024;27,25
3b75fe;MTG29   ;LFBG;LFBN;2024-01-29 12:16:42;2024-01-29 12:50:13;2024-01-29;12;Monday;1;2024;33,516666666666666
3ff47b;DMGGL   ;EDMJ;EDMJ;2024-01-29 12:28:22;2024-01-29 12:55:53;2024-01-29;12;Monday;1;2024;27,516666666666666
4ba906;THY9RL  ;;LTFJ;2024-01-29 12:13:13;2024-01-29 12:45:15;2024-01-29;12;Monday;1;2024;32,03333333333333
4d2383;RYR9XP  ;LIRA;;2024-01-29 12:16:22;2024-01-29 12:48:21;2024-01-29;12;Monday;1;2024;31,98333333333333
71c511;AAR321  ;RKSI;;2024-01-29 12:38:01;2024-01-29 12:50:10;2024-01-29;12;Monday;1;2024;12,15
80145f;IGO2486 ;;VOTP;2024-01-29 12:16:37;2024-01-29 12:39:57;2024-01-29;12;Monday;1;2024;23,33333333333333
398c4e;SAMU71  ;LFLY;LFLH;2024-01-29 12:05:55;2024-01-29 12:32:41;2024-01-29;12;Monday;1;2024;26,766666666666666
3d276b;DENEH   ;EDWF;EDWQ;2024-01-29 12:15:14;2024-01-29 12:40:00;2024-01-29;12;Monday;1;2024;24,766666666666666
801616;IGO171  ;;;2024-01-29 12:03:37;2024-01-29 12:59:34;2024-01-29;12;Monday;1;2024;55,95
8880f0;HVN1544 ;;VVGL;2024-01-29 12:14:03;2024-01-29 12:36:26;2024-01-29;12;Monday;1;2024;22,383333333333333
a01021;N103CX  ;KRYY;33NR;2024-01-29 12:07:18;2024-01-29 12:37:22;2024-01-29;12;Monday;1;2024;30,066666666666663
a38da0;ERH328  ;KHUM;;2024-01-29 12:30:51;2024-01-29 12:51:57;2024-01-29;12;Monday;1;2024;21,1
aa1aeb;N750KA  ;KLIT;KCDH;2024-01-29 12:29:21;2024-01-29 12:47:03;2024-01-29;12;Monday;1;2024;17,7
c81e04;CFL11   ;NZPP;NZWN;2024-01-29 12:15:44;2024-01-29 12:30:43;2024-01-29;12;Monday;1;2024;14,983333333333333
0c2172;DAE2250 ;;KMIA;2024-01-29 12:46:33;2024-01-29 12:57:42;2024-01-29;12;Monday;1;2024;11,15
3df5c0;SPARO46 ;ETSL;ETHL;2024-01-29 12:15:02;2024-01-29 12:53:19;2024-01-29;12;Monday;1;2024;38,28333333333333
781948;CSN3566 ;;;2024-01-29 12:36:25;2024-01-29 12:49:10;2024-01-29;12;Monday;1;2024;12,75
a14586;N181MR  ;KDAN;68NC;2024-01-29 12:04:47;2024-01-29 12:15:03;2024-01-29;12;Monday;1;2024;10,266666666666667
c01696;CFIOJ   ;;CYQT;2024-01-29 12:15:30;2024-01-29 12:26:19;2024-01-29;12;Monday;1;2024;10,816666666666666
3c6753;DLH3Y   ;EBBR;EDDF;2024-01-29 12:13:30;2024-01-29 12:56:18;2024-01-29;12;Monday;1;2024;42,8
a96cf7;WVE822  ;;LMML;2024-01-29 12:27:01;2024-01-29 12:51:56;2024-01-29;12;Monday;1;2024;24,916666666666668
abae2c;SWA1628 ;KDAL;KAXH;2024-01-29 12:12:26;2024-01-29 12:48:59;2024-01-29;12;Monday;1;2024;36,55
e80267;LPE2251 ;SPJC;;2024-01-29 12:04:10;2024-01-29 12:58:06;2024-01-29;12;Monday;1;2024;53,93333333333333
706135;JZR239  ;OKBK;;2024-01-29 12:14:09;2024-01-29 12:32:26;2024-01-29;12;Monday;1;2024;18,28333333333333
780cce;CSN6562 ;;;2024-01-29 12:27:31;2024-01-29 12:47:13;2024-01-29;12;Monday;1;2024;19,7
a057be;N121DK  ;KN06;KMTN;2024-01-29 12:17:09;2024-01-29 12:36:12;2024-01-29;12;Monday;1;2024;19,05
ab11f9;N812NC  ;KNTU;KPOB;2024-01-29 12:00:28;2024-01-29 12:46:57;2024-01-29;12;Monday;1;2024;46,48333333333333
0101b4;NIA145  ;;;2024-01-29 12:36:16;2024-01-29 12:53:58;2024-01-29;12;Monday;1;2024;17,7
48fdf8;SPSBPV  ;;EPNT;2024-01-29 12:23:26;2024-01-29 12:33:48;2024-01-29;12;Monday;1;2024;10,366666666666667
3d3699;DESXT   ;EDFE;EDFE;2024-01-29 12:01:50;2024-01-29 12:18:54;2024-01-29;12;Monday;1;2024;17,066666666666666
78135f;CSN3760 ;;;2024-01-29 12:32:38;2024-01-29 12:45:23;2024-01-29;12;Monday;1;2024;12,75
a3c566;XFL718  ;KISP;KTEB;2024-01-29 12:16:11;2024-01-29 12:48:51;2024-01-29;12;Monday;1;2024;32,666666666666664
a4f117;N4174T  ;KDAN;00VA;2024-01-29 12:11:18;2024-01-29 12:21:58;2024-01-29;12;Monday;1;2024;10,666666666666666
06e00c;RWD106  ;;FAOR;2024-01-29 12:16:48;2024-01-29 12:38:37;2024-01-29;12;Monday;1;2024;21,816666666666663
0d0a21;VOI632  ;;;2024-01-29 12:26:48;2024-01-29 12:43:45;2024-01-29;12;Monday;1;2024;16,95
31ff28;ADM454  ;LPEV;LPEV;2024-01-29 12:10:30;2024-01-29 12:47:52;2024-01-29;12;Monday;1;2024;37,36666666666667
398cb5;FHDFV   ;LFCZ;LFCZ;2024-01-29 12:17:41;2024-01-29 12:36:46;2024-01-29;12;Monday;1;2024;19,08333333333333
407b52;ULR94S  ;EGPD;;2024-01-29 12:19:32;2024-01-29 12:40:50;2024-01-29;12;Monday;1;2024;21,3
750204;MAS2635 ;;WMKK;2024-01-29 12:07:07;2024-01-29 12:20:44;2024-01-29;12;Monday;1;2024;13,616666666666667
8409ed;JTA46   ;;RJGG;2024-01-29 12:07:31;2024-01-29 12:30:22;2024-01-29;12;Monday;1;2024;22,85
885966;TVJ963  ;;VTBS;2024-01-29 12:29:33;2024-01-29 12:57:42;2024-01-29;12;Monday;1;2024;28,15
abe0df;SWA1636 ;KHOU;KDAL;2024-01-29 12:10:01;2024-01-29 12:53:15;2024-01-29;12;Monday;1;2024;43,23333333333333
c04ba4;CTG445  ;CPT9;CPT9;2024-01-29 12:18:50;2024-01-29 12:32:22;2024-01-29;12;Monday;1;2024;13,533333333333331
e48c2f;GLO1566 ;SBSP;;2024-01-29 12:37:02;2024-01-29 12:56:35;2024-01-29;12;Monday;1;2024;19,55
0d083e;SLI100  ;MMMX;;2024-01-29 12:25:00;2024-01-29 12:37:44;2024-01-29;12;Monday;1;2024;12,733333333333333
39846b;FHBDL   ;LFDR;LFCS;2024-01-29 12:30:16;2024-01-29 12:48:13;2024-01-29;12;Monday;1;2024;17,95
440828;AUA44P  ;LOWW;;2024-01-29 12:01:00;2024-01-29 12:38:50;2024-01-29;12;Monday;1;2024;37,833333333333336
4bab21;THY4ST  ;LTFM;;2024-01-29 12:16:20;2024-01-29 12:46:29;2024-01-29;12;Monday;1;2024;30,15
76d256;TGW303  ;;WSSS;2024-01-29 12:47:30;2024-01-29 12:57:59;2024-01-29;12;Monday;1;2024;10,483333333333333
7c6844;NWK1657 ;;YPPH;2024-01-29 12:23:32;2024-01-29 12:57:15;2024-01-29;12;Monday;1;2024;33,71666666666667
a67c5d;N517KM  ;KHEF;KMTN;2024-01-29 12:18:54;2024-01-29 12:48:29;2024-01-29;12;Monday;1;2024;29,58333333333333
8013c9;IGO2376 ;VIDP;;2024-01-29 12:26:31;2024-01-29 12:54:17;2024-01-29;12;Monday;1;2024;27,766666666666666
88045a;AIQ8040 ;VTBD;;2024-01-29 12:13:30;2024-01-29 12:38:03;2024-01-29;12;Monday;1;2024;24,55
a2ed49;N288SF  ;KAGS;KFTY;2024-01-29 12:20:52;2024-01-29 12:53:41;2024-01-29;12;Monday;1;2024;32,81666666666667
a50111;N421TT  ;KBIS;NA12;2024-01-29 12:30:20;2024-01-29 12:49:50;2024-01-29;12;Monday;1;2024;19,5
a4e4c6;N414UH  ;KTVY;KSLC;2024-01-29 12:19:35;2024-01-29 12:35:21;2024-01-29;12;Monday;1;2024;15,766666666666667
ace9ba;DAL1337 ;;KATL;2024-01-29 12:16:38;2024-01-29 12:58:29;2024-01-29;12;Monday;1;2024;41,85
e490b1;AZU2636 ;;SBSP;2024-01-29 12:15:02;2024-01-29 12:48:45;2024-01-29;12;Monday;1;2024;33,71666666666667
151fea;AFL1124 ;;;2024-01-29 12:05:36;2024-01-29 12:20:56;2024-01-29;12;Monday;1;2024;15,333333333333334
47a1ce;DOC96   ;EKVB;;2024-01-29 12:31:01;2024-01-29 12:43:28;2024-01-29;12;Monday;1;2024;12,45
3de4b7;CHX61   ;EDAW;EDOE;2024-01-29 12:08:30;2024-01-29 12:26:49;2024-01-29;12;Monday;1;2024;18,316666666666663
75050b;TANOM01 ;;WBKK;2024-01-29 12:12:17;2024-01-29 12:32:16;2024-01-29;12;Monday;1;2024;19,98333333333333
a2571c;N25WC   ;KAGS;;2024-01-29 12:16:37;2024-01-29 12:30:48;2024-01-29;12;Monday;1;2024;14,183333333333334
a40e41;AAH222  ;;;2024-01-29 12:10:35;2024-01-29 12:21:53;2024-01-29;12;Monday;1;2024;11,3
a64c89;N505AF  ;KPMP;FA69;2024-01-29 12:27:36;2024-01-29 12:52:42;2024-01-29;12;Monday;1;2024;25,1
4ca8dc;ITY1619 ;LIRF;;2024-01-29 12:28:18;2024-01-29 12:56:42;2024-01-29;12;Monday;1;2024;28,4
75847b;APG778  ;;RPLL;2024-01-29 12:00:08;2024-01-29 12:41:49;2024-01-29;12;Monday;1;2024;41,68333333333333
a655d7;VOI766  ;MMMX;;2024-01-29 12:03:01;2024-01-29 12:16:48;2024-01-29;12;Monday;1;2024;13,783333333333331
ab0425;JRE809  ;;KTNT;2024-01-29 12:46:06;2024-01-29 12:56:19;2024-01-29;12;Monday;1;2024;10,216666666666669
ab704b;SCX8011 ;KMSP;KLSE;2024-01-29 12:29:35;2024-01-29 12:53:17;2024-01-29;12;Monday;1;2024;23,7
abd50f;SWA422  ;KCMH;KBNA;2024-01-29 12:07:03;2024-01-29 12:58:47;2024-01-29;12;Monday;1;2024;51,73333333333333
c06364;PTR2532 ;CYSB;CYTZ;2024-01-29 12:09:04;2024-01-29 12:52:21;2024-01-29;12;Monday;1;2024;43,28333333333333
e48045;TAM3134 ;SBSP;;2024-01-29 12:05:03;2024-01-29 12:17:26;2024-01-29;12;Monday;1;2024;12,383333333333333
e491cd;AZU4306 ;SBKP;;2024-01-29 12:06:18;2024-01-29 12:56:06;2024-01-29;12;Monday;1;2024;49,8
e48ef2;AZU2667 ;SBKP;;2024-01-29 12:00:37;2024-01-29 12:29:37;2024-01-29;12;Monday;1;2024;29,0
407e75;LOG39GA ;;EGPF;2024-01-29 12:21:03;2024-01-29 12:42:55;2024-01-29;12;Monday;1;2024;21,866666666666667
780568;CSZ9732 ;;;2024-01-29 12:33:38;2024-01-29 12:50:53;2024-01-29;12;Monday;1;2024;17,25
80155a;IGO5694 ;;VIDP;2024-01-29 12:00:44;2024-01-29 12:58:25;2024-01-29;12;Monday;1;2024;57,68333333333333
8880a1;HVN182  ;;VVGL;2024-01-29 12:04:05;2024-01-29 12:27:28;2024-01-29;12;Monday;1;2024;23,383333333333333
a43ee8;UAL874  ;RJAA;;2024-01-29 12:21:04;2024-01-29 12:46:50;2024-01-29;12;Monday;1;2024;25,766666666666666
ad14a3;AAL2536 ;KMIA;;2024-01-29 12:07:42;2024-01-29 12:25:58;2024-01-29;12;Monday;1;2024;18,266666666666666
3004b9;IEDLO   ;LIMC;LIML;2024-01-29 12:32:47;2024-01-29 12:51:47;2024-01-29;12;Monday;1;2024;19,0
44082b;AUA757J ;LOWW;;2024-01-29 12:03:32;2024-01-29 12:35:19;2024-01-29;12;Monday;1;2024;31,78333333333333
845be4;JJP588  ;RJFF;RJGG;2024-01-29 12:02:00;2024-01-29 12:54:11;2024-01-29;12;Monday;1;2024;52,18333333333333
48c9e2;SPTPC   ;EPBC;EPBC;2024-01-29 12:28:37;2024-01-29 12:57:07;2024-01-29;12;Monday;1;2024;28,5
3e0f76;CHX15   ;EDMS;EDNF;2024-01-29 12:06:30;2024-01-29 12:26:17;2024-01-29;12;Monday;1;2024;19,78333333333333
a8aaa5;SKW3063 ;KDTW;KORD;2024-01-29 12:08:48;2024-01-29 12:54:24;2024-01-29;12;Monday;1;2024;45,6
151dd8;AFL1227 ;UWGG;;2024-01-29 12:24:04;2024-01-29 12:35:03;2024-01-29;12;Monday;1;2024;10,983333333333333
48605b;LIFELN03;EHSE;EHVK;2024-01-29 12:23:12;2024-01-29 12:43:07;2024-01-29;12;Monday;1;2024;19,916666666666668
71c224;JNA660  ;;RKSS;2024-01-29 12:32:03;2024-01-29 12:44:29;2024-01-29;12;Monday;1;2024;12,433333333333334
800c99;IGO7242 ;;VOMM;2024-01-29 12:20:50;2024-01-29 12:52:19;2024-01-29;12;Monday;1;2024;31,48333333333333
a483e0;TRP1    ;KMTN;KANP;2024-01-29 12:48:19;2024-01-29 12:58:27;2024-01-29;12;Monday;1;2024;10,133333333333333
ae06e4;FOXX836 ;;KOGB;2024-01-29 12:22:18;2024-01-29 12:35:59;2024-01-29;12;Monday;1;2024;13,683333333333334
e49d54;PTAVN   ;;SBBP;2024-01-29 12:13:27;2024-01-29 12:35:48;2024-01-29;12;Monday;1;2024;22,35
e80336;SKX5440 ;SPJC;;2024-01-29 12:02:30;2024-01-29 12:18:16;2024-01-29;12;Monday;1;2024;15,766666666666667
0d0ea1;VIV2203 ;;;2024-01-29 12:30:54;2024-01-29 12:50:48;2024-01-29;12;Monday;1;2024;19,9
407b1c;GMA901  ;EGJJ;LFRD;2024-01-29 12:01:58;2024-01-29 12:15:53;2024-01-29;12;Monday;1;2024;13,916666666666666
3cd063;GFD30   ;ETNH;EDHL;2024-01-29 12:19:20;2024-01-29 12:35:54;2024-01-29;12;Monday;1;2024;16,566666666666666
4b8e42;PGT52GJ ;LTFJ;;2024-01-29 12:13:30;2024-01-29 12:35:25;2024-01-29;12;Monday;1;2024;21,916666666666668
3d06ee;DEAWK   ;EHMZ;EBZW;2024-01-29 12:08:16;2024-01-29 12:41:29;2024-01-29;12;Monday;1;2024;33,21666666666667
3e0fe4;CHX42   ;EDHK;EDXR;2024-01-29 12:37:10;2024-01-29 12:48:06;2024-01-29;12;Monday;1;2024;10,933333333333334
78110f;CXA8872 ;;ZGSZ;2024-01-29 12:07:13;2024-01-29 12:28:17;2024-01-29;12;Monday;1;2024;21,066666666666663
3e120b;CHX1    ;ETSF;EDNX;2024-01-29 12:36:48;2024-01-29 12:47:15;2024-01-29;12;Monday;1;2024;10,45
80149c;IGO2176 ;;VIDP;2024-01-29 12:09:39;2024-01-29 12:47:10;2024-01-29;12;Monday;1;2024;37,516666666666666
885307;THA631  ;;VTBS;2024-01-29 12:00:06;2024-01-29 12:36:05;2024-01-29;12;Monday;1;2024;35,983333333333334
7c7b5c;YNI     ;YARS;YPPF;2024-01-29 12:06:09;2024-01-29 12:33:20;2024-01-29;12;Monday;1;2024;27,183333333333334
c07681;N       ;CYLB;;2024-01-29 12:02:51;2024-01-29 12:24:54;2024-01-29;12;Monday;1;2024;22,05
0d0cec;VIV1120 ;MMMX;;2024-01-29 12:00:53;2024-01-29 12:53:44;2024-01-29;12;Monday;1;2024;52,85
44aeef;OOKWO   ;EBZH;EBZH;2024-01-29 12:10:53;2024-01-29 12:53:24;2024-01-29;12;Monday;1;2024;42,516666666666666
48c4d4;SPSGW   ;EPSC;EPPO;2024-01-29 12:02:09;2024-01-29 12:31:19;2024-01-29;12;Monday;1;2024;29,166666666666668
7580a0;GAP2860 ;;RPLL;2024-01-29 12:13:36;2024-01-29 12:50:40;2024-01-29;12;Monday;1;2024;37,06666666666667
80138c;IAD990  ;VOBL;;2024-01-29 12:10:15;2024-01-29 12:28:59;2024-01-29;12;Monday;1;2024;18,73333333333333
a9c097;N7275C  ;K14A;48NC;2024-01-29 12:10:12;2024-01-29 12:28:49;2024-01-29;12;Monday;1;2024;18,616666666666667
aa4953;ENY3815 ;KGRB;KORD;2024-01-29 12:07:53;2024-01-29 12:47:26;2024-01-29;12;Monday;1;2024;39,55
39b807;FHOAH   ;;LSGB;2024-01-29 12:23:46;2024-01-29 12:33:56;2024-01-29;12;Monday;1;2024;10,166666666666666
469934;SEH3TK  ;LGAV;LG56;2024-01-29 12:01:26;2024-01-29 12:26:51;2024-01-29;12;Monday;1;2024;25,416666666666668
4d00d7;LGL84P  ;LFPG;ELLX;2024-01-29 12:15:00;2024-01-29 12:52:58;2024-01-29;12;Monday;1;2024;37,96666666666667
e0a5c7;LVJWG   ;SADF;SUJL;2024-01-29 12:17:55;2024-01-29 12:51:37;2024-01-29;12;Monday;1;2024;33,7
3c4dd7;DLH4NE  ;EPWR;EDDM;2024-01-29 12:06:02;2024-01-29 12:56:35;2024-01-29;12;Monday;1;2024;50,55
4bab48;THY7WQ  ;LTFM;;2024-01-29 12:08:44;2024-01-29 12:35:29;2024-01-29;12;Monday;1;2024;26,75
4cac24;RYR384E ;LEAL;LEZL;2024-01-29 12:06:25;2024-01-29 12:54:59;2024-01-29;12;Monday;1;2024;48,56666666666667
4cadde;ITY1799 ;LIRF;;2024-01-29 12:01:07;2024-01-29 12:31:48;2024-01-29;12;Monday;1;2024;30,683333333333334
e48043;TAM3850 ;SBBR;;2024-01-29 12:26:07;2024-01-29 12:56:57;2024-01-29;12;Monday;1;2024;30,83333333333333
39dd44;CCM42VO ;LFMN;LFKB;2024-01-29 12:25:30;2024-01-29 12:54:42;2024-01-29;12;Monday;1;2024;29,2
47bf10;DOC81   ;EKRS;EKMN;2024-01-29 12:15:37;2024-01-29 12:35:47;2024-01-29;12;Monday;1;2024;20,166666666666668
3ff669;DMXKE   ;EDXD;EDXD;2024-01-29 12:03:54;2024-01-29 12:30:28;2024-01-29;12;Monday;1;2024;26,566666666666663
4855d1;KLM1547 ;EHAM;EGNM;2024-01-29 12:08:04;2024-01-29 12:58:59;2024-01-29;12;Monday;1;2024;50,91666666666666
7804f2;CSZ9957 ;ZGSZ;;2024-01-29 12:01:24;2024-01-29 12:15:41;2024-01-29;12;Monday;1;2024;14,283333333333331
84b5ac;JJP308  ;;RJAA;2024-01-29 12:04:53;2024-01-29 12:53:51;2024-01-29;12;Monday;1;2024;48,96666666666667
aebbcb;SALTY01 ;EDQF;EDQF;2024-01-29 12:35:03;2024-01-29 12:54:00;2024-01-29;12;Monday;1;2024;18,95
c0051b;N       ;CYHU;CYUL;2024-01-29 12:07:44;2024-01-29 12:24:15;2024-01-29;12;Monday;1;2024;16,516666666666666
48b12b;SPMKL   ;;EPRA;2024-01-29 12:40:48;2024-01-29 12:59:29;2024-01-29;12;Monday;1;2024;18,683333333333334
789209;BLVE    ;;VHHH;2024-01-29 12:26:54;2024-01-29 12:58:43;2024-01-29;12;Monday;1;2024;31,816666666666663
851f4e;JTA86   ;;RJBB;2024-01-29 12:26:26;2024-01-29 12:52:38;2024-01-29;12;Monday;1;2024;26,2
a000e4;N1KA    ;KTYS;2AL7;2024-01-29 12:03:56;2024-01-29 12:31:40;2024-01-29;12;Monday;1;2024;27,73333333333333
3ce212;VJH247  ;LSZH;LSZS;2024-01-29 12:03:35;2024-01-29 12:27:10;2024-01-29;12;Monday;1;2024;23,58333333333333
4c01e3;ASL72L  ;LYBE;;2024-01-29 12:36:10;2024-01-29 12:49:56;2024-01-29;12;Monday;1;2024;13,766666666666667
a690fb;GJS4559 ;KALB;KEWR;2024-01-29 12:22:34;2024-01-29 12:56:29;2024-01-29;12;Monday;1;2024;33,916666666666664
e49266;GLO1873 ;SBKP;;2024-01-29 12:27:40;2024-01-29 12:42:55;2024-01-29;12;Monday;1;2024;15,25
407e42;GLLWP   ;EGPJ;EGPJ;2024-01-29 12:35:53;2024-01-29 12:57:57;2024-01-29;12;Monday;1;2024;22,066666666666663
486505;PHAFV   ;;EHHV;2024-01-29 12:29:30;2024-01-29 12:57:55;2024-01-29;12;Monday;1;2024;28,416666666666668
780ac9;CXA8389 ;;;2024-01-29 12:16:39;2024-01-29 12:39:59;2024-01-29;12;Monday;1;2024;23,33333333333333
880844;AIQ3307 ;;VTBD;2024-01-29 12:32:00;2024-01-29 12:45:41;2024-01-29;12;Monday;1;2024;13,683333333333334
abe147;SWA1382 ;KROC;KBWI;2024-01-29 12:02:00;2024-01-29 12:50:54;2024-01-29;12;Monday;1;2024;48,9
e49945;CO18    ;SBYS;SDPY;2024-01-29 12:08:14;2024-01-29 12:53:53;2024-01-29;12;Monday;1;2024;45,65
0d0f17;VIV1322 ;MMMX;;2024-01-29 12:14:37;2024-01-29 12:29:48;2024-01-29;12;Monday;1;2024;15,183333333333334
4406f0;EJU74LD ;EGMC;EHAM;2024-01-29 12:09:30;2024-01-29 12:46:51;2024-01-29;12;Monday;1;2024;37,35
3c4dd4;DLH6PH  ;EDDF;EBBR;2024-01-29 12:09:40;2024-01-29 12:46:51;2024-01-29;12;Monday;1;2024;37,18333333333333
4aaa69;DFL5995 ;ESCM;;2024-01-29 12:08:14;2024-01-29 12:24:10;2024-01-29;12;Monday;1;2024;15,933333333333334
7800c2;CSN5922 ;;;2024-01-29 12:30:51;2024-01-29 12:44:59;2024-01-29;12;Monday;1;2024;14,133333333333333
80140e;AXB747  ;;OMDB;2024-01-29 12:42:37;2024-01-29 12:59:08;2024-01-29;12;Monday;1;2024;16,516666666666666
acf89f;DAL2637 ;KBNA;KATL;2024-01-29 12:12:45;2024-01-29 12:54:19;2024-01-29;12;Monday;1;2024;41,56666666666667
347403;OARYU3  ;;LEAX;2024-01-29 12:22:35;2024-01-29 12:37:46;2024-01-29;12;Monday;1;2024;15,183333333333334
495210;TAP1136 ;LPPT;LEMG;2024-01-29 12:01:08;2024-01-29 12:51:14;2024-01-29;12;Monday;1;2024;50,1
3c4d67;DLH064  ;EDDF;EDDG;2024-01-29 12:28:00;2024-01-29 12:59:55;2024-01-29;12;Monday;1;2024;31,916666666666668
3ccbd6;XRO1012 ;EDLV;EHBK;2024-01-29 12:21:46;2024-01-29 12:39:39;2024-01-29;12;Monday;1;2024;17,883333333333333
4b441d;HBZUR   ;;;2024-01-29 12:17:34;2024-01-29 12:33:48;2024-01-29;12;Monday;1;2024;16,233333333333334
4baac6;THY9CU  ;LTFM;;2024-01-29 12:16:54;2024-01-29 12:43:33;2024-01-29;12;Monday;1;2024;26,65
75808c;GAP2529 ;RPLL;;2024-01-29 12:27:37;2024-01-29 12:55:25;2024-01-29;12;Monday;1;2024;27,8
780693;CBJ5805 ;;;2024-01-29 12:22:31;2024-01-29 12:36:27;2024-01-29;12;Monday;1;2024;13,933333333333334
780cc0;CCA8573 ;;;2024-01-29 12:00:38;2024-01-29 12:30:55;2024-01-29;12;Monday;1;2024;30,28333333333333
a1fc18;FWK227  ;KOPF;;2024-01-29 12:20:39;2024-01-29 12:31:47;2024-01-29;12;Monday;1;2024;11,133333333333333
e4917d;AZU4292 ;SBKP;;2024-01-29 12:02:48;2024-01-29 12:53:21;2024-01-29;12;Monday;1;2024;50,55
478092;WIF7ML  ;;ENGM;2024-01-29 12:24:17;2024-01-29 12:58:46;2024-01-29;12;Monday;1;2024;34,483333333333334
510080;BRU983  ;UMMS;;2024-01-29 12:13:00;2024-01-29 12:33:56;2024-01-29;12;Monday;1;2024;20,933333333333334
4ca88f;RYR7TL  ;LEZL;GMTT;2024-01-29 12:34:14;2024-01-29 12:57:52;2024-01-29;12;Monday;1;2024;23,633333333333333
78056d;CSZ8295 ;ZGSZ;;2024-01-29 12:10:16;2024-01-29 12:24:26;2024-01-29;12;Monday;1;2024;14,166666666666666
781c78;CSZ9420 ;;ZGSZ;2024-01-29 12:01:08;2024-01-29 12:21:17;2024-01-29;12;Monday;1;2024;20,15
aa7607;N773V   ;KIPJ;6NC8;2024-01-29 12:36:50;2024-01-29 12:55:30;2024-01-29;12;Monday;1;2024;18,666666666666668
e8021b;LPE2103 ;SPJC;;2024-01-29 12:16:00;2024-01-29 12:31:50;2024-01-29;12;Monday;1;2024;15,833333333333334
440820;AUA6AH  ;LOWW;LOWG;2024-01-29 12:14:09;2024-01-29 12:37:29;2024-01-29;12;Monday;1;2024;23,33333333333333
3ff7ce;DMGCG   ;EDAN;EDAN;2024-01-29 12:13:00;2024-01-29 12:51:26;2024-01-29;12;Monday;1;2024;38,43333333333333
89906d;EVA185  ;;RCTP;2024-01-29 12:02:06;2024-01-29 12:33:54;2024-01-29;12;Monday;1;2024;31,8
a07341;AAL936  ;;KCLT;2024-01-29 12:22:00;2024-01-29 12:55:42;2024-01-29;12;Monday;1;2024;33,7
a3186e;N299RP  ;;PHJH;2024-01-29 12:05:51;2024-01-29 12:21:27;2024-01-29;12;Monday;1;2024;15,6
a9f424;SKW4992 ;KSWO;KDFW;2024-01-29 12:12:45;2024-01-29 12:48:58;2024-01-29;12;Monday;1;2024;36,21666666666667
accf03;N924WJ  ;XA65;KGKY;2024-01-29 12:36:14;2024-01-29 12:52:49;2024-01-29;12;Monday;1;2024;16,583333333333332
e49640;AZU4673 ;;SBBR;2024-01-29 12:10:20;2024-01-29 12:33:23;2024-01-29;12;Monday;1;2024;23,05
008dea;SFR265  ;;FAOR;2024-01-29 12:45:34;2024-01-29 12:58:26;2024-01-29;12;Monday;1;2024;12,866666666666667
39e40c;FHZAM   ;LFCL;LFCL;2024-01-29 12:03:55;2024-01-29 12:28:29;2024-01-29;12;Monday;1;2024;24,566666666666663
40788c;AUR2LG  ;EGJB;EGKK;2024-01-29 12:18:09;2024-01-29 12:55:53;2024-01-29;12;Monday;1;2024;37,73333333333333
80057b;AIC764  ;VIDP;;2024-01-29 12:01:31;2024-01-29 12:39:54;2024-01-29;12;Monday;1;2024;38,38333333333333
89914c;MDA396  ;;RCSS;2024-01-29 12:01:51;2024-01-29 12:16:59;2024-01-29;12;Monday;1;2024;15,133333333333333
7c7773;QFA1861 ;;YBBN;2024-01-29 12:02:32;2024-01-29 12:36:26;2024-01-29;12;Monday;1;2024;33,9
7c7cc3;HM3     ;YBDG;YMEN;2024-01-29 12:19:37;2024-01-29 12:48:58;2024-01-29;12;Monday;1;2024;29,35
a01f73;RPA4408 ;KGRR;KORD;2024-01-29 12:15:30;2024-01-29 12:45:59;2024-01-29;12;Monday;1;2024;30,48333333333333
a4757f;N387CB  ;KDBQ;KORD;2024-01-29 12:16:48;2024-01-29 12:54:11;2024-01-29;12;Monday;1;2024;37,38333333333333
3d45f4;DEYSY   ;EDXF;EDXF;2024-01-29 12:16:20;2024-01-29 12:54:43;2024-01-29;12;Monday;1;2024;38,38333333333333
a606e9;N488GB  ;KGRB;KDPA;2024-01-29 12:06:39;2024-01-29 12:35:23;2024-01-29;12;Monday;1;2024;28,73333333333333
abc232;JRE857  ;;32VA;2024-01-29 12:20:13;2024-01-29 12:41:59;2024-01-29;12;Monday;1;2024;21,766666666666666
3df2d6;GAM911A ;;EDXI;2024-01-29 12:01:09;2024-01-29 12:26:26;2024-01-29;12;Monday;1;2024;25,28333333333333
a0be20;EJA147  ;KTEB;KEWR;2024-01-29 12:31:22;2024-01-29 12:48:13;2024-01-29;12;Monday;1;2024;16,85
a0e31d;N1562F  ;KDTO;KGKY;2024-01-29 12:27:27;2024-01-29 12:40:45;2024-01-29;12;Monday;1;2024;13,3
a80d05;N618FT  ;KMLB;KMLB;2024-01-29 12:03:16;2024-01-29 12:50:29;2024-01-29;12;Monday;1;2024;47,21666666666667
ad6f52;N965GC  ;SC67;KDCM;2024-01-29 12:23:45;2024-01-29 12:51:36;2024-01-29;12;Monday;1;2024;27,85
e49956;GLO1772 ;SBBR;;2024-01-29 12:22:22;2024-01-29 12:47:25;2024-01-29;12;Monday;1;2024;25,05
4b4446;HBZWG   ;;LSMF;2024-01-29 12:44:13;2024-01-29 12:55:11;2024-01-29;12;Monday;1;2024;10,966666666666669
a4207f;JANET22 ;;KLAS;2024-01-29 12:36:00;2024-01-29 12:49:15;2024-01-29;12;Monday;1;2024;13,25
acdbee;AAL2272 ;KOKC;KDFW;2024-01-29 12:24:30;2024-01-29 12:54:56;2024-01-29;12;Monday;1;2024;30,433333333333334
398552;FHBKS   ;;LFBY;2024-01-29 12:29:38;2024-01-29 12:44:52;2024-01-29;12;Monday;1;2024;15,233333333333333
45ac52;SAS4518 ;ENGM;;2024-01-29 12:01:35;2024-01-29 12:25:57;2024-01-29;12;Monday;1;2024;24,366666666666667
502d0c;BTI31C  ;;EETN;2024-01-29 12:16:04;2024-01-29 12:48:20;2024-01-29;12;Monday;1;2024;32,266666666666666
4d24d2;SKU504  ;SAEZ;;2024-01-29 12:22:04;2024-01-29 12:51:29;2024-01-29;12;Monday;1;2024;29,416666666666668
88809a;HVN195  ;VVGL;;2024-01-29 12:09:53;2024-01-29 12:37:23;2024-01-29;12;Monday;1;2024;27,5
ae509e;GKA264  ;KHST;KHST;2024-01-29 12:21:09;2024-01-29 12:36:29;2024-01-29;12;Monday;1;2024;15,333333333333334
e49247;TAM3376 ;;;2024-01-29 12:00:15;2024-01-29 12:15:22;2024-01-29;12;Monday;1;2024;15,116666666666667
e49445;AZU4291 ;SBKP;;2024-01-29 12:21:48;2024-01-29 12:35:29;2024-01-29;12;Monday;1;2024;13,683333333333334
e49764;TAM3410 ;SBBR;;2024-01-29 12:34:30;2024-01-29 12:49:42;2024-01-29;12;Monday;1;2024;15,2
4baa85;THY7EF  ;LTFM;;2024-01-29 12:19:54;2024-01-29 12:50:47;2024-01-29;12;Monday;1;2024;30,883333333333333
4cac82;ITY408  ;LIML;EDDF;2024-01-29 12:03:51;2024-01-29 12:57:59;2024-01-29;12;Monday;1;2024;54,13333333333333
80146f;IGO356  ;VOBL;VOMM;2024-01-29 12:27:02;2024-01-29 12:56:07;2024-01-29;12;Monday;1;2024;29,08333333333333
8681b6;SKY598  ;;RJBE;2024-01-29 12:13:10;2024-01-29 12:44:43;2024-01-29;12;Monday;1;2024;31,55
88813e;VJC142  ;;;2024-01-29 12:05:33;2024-01-29 12:30:28;2024-01-29;12;Monday;1;2024;24,916666666666668
7c5356;UTY4079 ;;YBMC;2024-01-29 12:03:15;2024-01-29 12:24:20;2024-01-29;12;Monday;1;2024;21,08333333333333
a0a80e;SKW5957 ;KATW;KORD;2024-01-29 12:20:33;2024-01-29 12:59:45;2024-01-29;12;Monday;1;2024;39,2
a2c90d;ENY3544 ;KHOU;KDFW;2024-01-29 12:08:03;2024-01-29 12:53:49;2024-01-29;12;Monday;1;2024;45,766666666666666
478792;WIF3UF  ;ENBR;ENFL;2024-01-29 12:28:52;2024-01-29 12:54:20;2024-01-29;12;Monday;1;2024;25,466666666666665
750041;FFM1347 ;;WMSA;2024-01-29 12:10:03;2024-01-29 12:54:59;2024-01-29;12;Monday;1;2024;44,93333333333333
76d24b;TGW466  ;;WMKK;2024-01-29 12:00:11;2024-01-29 12:28:59;2024-01-29;12;Monday;1;2024;28,8
ab53e4;SKW3697 ;KAZO;KDTW;2024-01-29 12:30:22;2024-01-29 12:53:56;2024-01-29;12;Monday;1;2024;23,566666666666663
e49aa8;TAM3970 ;SBSP;;2024-01-29 12:00:30;2024-01-29 12:34:36;2024-01-29;12;Monday;1;2024;34,1
e8060e;JAP7730 ;;SPJC;2024-01-29 12:34:30;2024-01-29 12:59:29;2024-01-29;12;Monday;1;2024;24,98333333333333
0d0e05;AMX201  ;;MMMX;2024-01-29 12:48:40;2024-01-29 12:58:57;2024-01-29;12;Monday;1;2024;10,283333333333331
4aa4d2;SEIFR   ;ESML;EKRK;2024-01-29 12:07:08;2024-01-29 12:24:48;2024-01-29;12;Monday;1;2024;17,666666666666668
4cad95;SAS2027 ;;ESSA;2024-01-29 12:03:30;2024-01-29 12:52:29;2024-01-29;12;Monday;1;2024;48,98333333333333
7583b7;CEB973  ;RPLL;;2024-01-29 12:18:04;2024-01-29 12:49:18;2024-01-29;12;Monday;1;2024;31,23333333333333
a2c990;N279SW  ;KCLE;KCMH;2024-01-29 12:01:11;2024-01-29 12:22:26;2024-01-29;12;Monday;1;2024;21,25
c04a15;PAG4310 ;CYYZ;CYYB;2024-01-29 12:11:59;2024-01-29 12:59:58;2024-01-29;12;Monday;1;2024;47,98333333333333
3442cb;ANE97RF ;;LEMH;2024-01-29 12:23:20;2024-01-29 12:34:27;2024-01-29;12;Monday;1;2024;11,116666666666667
390d59;FGDKZ   ;LFPQ;LFPL;2024-01-29 12:40:15;2024-01-29 12:58:27;2024-01-29;12;Monday;1;2024;18,2
486363;PHHLC   ;EHLE;EHLE;2024-01-29 12:11:49;2024-01-29 12:54:50;2024-01-29;12;Monday;1;2024;43,016666666666666
3c65c2;DLH2CK  ;EDDF;EDDS;2024-01-29 12:05:38;2024-01-29 12:26:35;2024-01-29;12;Monday;1;2024;20,95
8963bb;FDB910  ;;OMDB;2024-01-29 12:08:38;2024-01-29 12:35:54;2024-01-29;12;Monday;1;2024;27,266666666666666
a9a75f;N721BC  ;;GA77;2024-01-29 12:19:13;2024-01-29 12:46:10;2024-01-29;12;Monday;1;2024;26,95
020140;MAC387  ;;LELH;2024-01-29 12:03:34;2024-01-29 12:36:59;2024-01-29;12;Monday;1;2024;33,416666666666664
152030;AFL1061 ;;;2024-01-29 12:42:32;2024-01-29 12:55:56;2024-01-29;12;Monday;1;2024;13,4
4598cb;OYFFK   ;EKRK;ESTA;2024-01-29 12:11:48;2024-01-29 12:45:09;2024-01-29;12;Monday;1;2024;33,35
3c65c3;DLH6RW  ;EDDF;EDDL;2024-01-29 12:12:00;2024-01-29 12:39:50;2024-01-29;12;Monday;1;2024;27,83333333333333
502d0b;BTI34V  ;;EYVI;2024-01-29 12:06:30;2024-01-29 12:34:53;2024-01-29;12;Monday;1;2024;28,383333333333333
a14fc0;N184CF  ;FL95;4FL3;2024-01-29 12:33:45;2024-01-29 12:53:28;2024-01-29;12;Monday;1;2024;19,716666666666665
3cce74;DCFMI   ;EDTX;LSZH;2024-01-29 12:26:19;2024-01-29 12:55:59;2024-01-29;12;Monday;1;2024;29,666666666666668
3ecbec;DKSEM   ;EDTP;EDTP;2024-01-29 12:05:17;2024-01-29 12:23:56;2024-01-29;12;Monday;1;2024;18,65
4c0176;ASL77M  ;LYBE;;2024-01-29 12:45:01;2024-01-29 12:59:57;2024-01-29;12;Monday;1;2024;14,933333333333334
a26006;NIT252  ;;FL36;2024-01-29 12:16:48;2024-01-29 12:44:56;2024-01-29;12;Monday;1;2024;28,133333333333333
aa75c6;SKW3053 ;;KDFW;2024-01-29 12:00:41;2024-01-29 12:44:22;2024-01-29;12;Monday;1;2024;43,68333333333333
e48fb6;GLO1236 ;;;2024-01-29 12:24:23;2024-01-29 12:41:26;2024-01-29;12;Monday;1;2024;17,05
30089e;ITEAS   ;LIAR;LIRU;2024-01-29 12:04:43;2024-01-29 12:41:51;2024-01-29;12;Monday;1;2024;37,13333333333333
502d59;BTI3P5  ;;EFHK;2024-01-29 12:12:47;2024-01-29 12:55:24;2024-01-29;12;Monday;1;2024;42,61666666666667
a0267e;ERH109  ;KHUM;;2024-01-29 12:26:07;2024-01-29 12:39:57;2024-01-29;12;Monday;1;2024;13,833333333333334
a40b95;N36ST   ;TA65;KRBD;2024-01-29 12:20:13;2024-01-29 12:57:52;2024-01-29;12;Monday;1;2024;37,65
a4df5a;AWI6053 ;;KORD;2024-01-29 12:01:31;2024-01-29 12:35:23;2024-01-29;12;Monday;1;2024;33,86666666666667
ad1142;DAL1392 ;;KATL;2024-01-29 12:03:52;2024-01-29 12:46:46;2024-01-29;12;Monday;1;2024;42,9
347502;ECOBE   ;LEMU;LEMU;2024-01-29 12:04:53;2024-01-29 12:34:40;2024-01-29;12;Monday;1;2024;29,78333333333333
4011af;MDI14   ;EGNV;EGNJ;2024-01-29 12:19:26;2024-01-29 12:44:28;2024-01-29;12;Monday;1;2024;25,03333333333333
43f6c5;2DIVT   ;EGTR;EGTR;2024-01-29 12:40:36;2024-01-29 12:58:29;2024-01-29;12;Monday;1;2024;17,883333333333333
479ee7;NOZ535  ;ENZV;ENGM;2024-01-29 12:28:17;2024-01-29 12:59:23;2024-01-29;12;Monday;1;2024;31,1
491470;ADM139  ;LPEV;LPEV;2024-01-29 12:13:56;2024-01-29 12:34:09;2024-01-29;12;Monday;1;2024;20,216666666666665
3c66a2;DLH6NT  ;EDDF;EDDW;2024-01-29 12:09:35;2024-01-29 12:48:39;2024-01-29;12;Monday;1;2024;39,06666666666667
4ca993;ITY1157 ;LIRF;;2024-01-29 12:30:38;2024-01-29 12:55:20;2024-01-29;12;Monday;1;2024;24,7
ac2576;N882CA  ;14MI;KIND;2024-01-29 12:13:29;2024-01-29 12:45:59;2024-01-29;12;Monday;1;2024;32,5
345107;VLG2MR  ;;LEBL;2024-01-29 12:27:30;2024-01-29 12:52:44;2024-01-29;12;Monday;1;2024;25,23333333333333
495213;TAP145W ;;LPPT;2024-01-29 12:12:12;2024-01-29 12:49:18;2024-01-29;12;Monday;1;2024;37,1
49d0c6;ABP711  ;LKPR;LKTB;2024-01-29 12:05:35;2024-01-29 12:30:50;2024-01-29;12;Monday;1;2024;25,25
3ff799;DMMOB   ;EDAZ;EDOD;2024-01-29 12:10:41;2024-01-29 12:32:58;2024-01-29;12;Monday;1;2024;22,28333333333333
a7b4ea;JIA5344 ;KGSP;KCLT;2024-01-29 12:27:33;2024-01-29 12:54:41;2024-01-29;12;Monday;1;2024;27,133333333333333
aaae77;N788CG  ;4NY8;KMMU;2024-01-29 12:03:59;2024-01-29 12:35:28;2024-01-29;12;Monday;1;2024;31,48333333333333
e071cb;ARG1898 ;SAEZ;;2024-01-29 12:05:10;2024-01-29 12:33:28;2024-01-29;12;Monday;1;2024;28,3
00ae88;LNK272M ;FAOR;;2024-01-29 12:46:30;2024-01-29 12:59:08;2024-01-29;12;Monday;1;2024;12,633333333333333
3994cf;RIV16   ;LFBA;LFBO;2024-01-29 12:18:08;2024-01-29 12:34:24;2024-01-29;12;Monday;1;2024;16,266666666666666
3e120a;CHX77   ;EDPA;ETOU;2024-01-29 12:00:03;2024-01-29 12:53:41;2024-01-29;12;Monday;1;2024;53,63333333333333
4c8085;CYF728  ;LCLK;;2024-01-29 12:30:40;2024-01-29 12:54:43;2024-01-29;12;Monday;1;2024;24,05
71bf06;KAL1233 ;RKSS;;2024-01-29 12:00:01;2024-01-29 12:34:07;2024-01-29;12;Monday;1;2024;34,1
a2200c;N236NX  ;KDAY;;2024-01-29 12:16:57;2024-01-29 12:45:11;2024-01-29;12;Monday;1;2024;28,23333333333333
a1be6e;N211NJ  ;21FA;FD70;2024-01-29 12:25:13;2024-01-29 12:59:11;2024-01-29;12;Monday;1;2024;33,96666666666667
a6dde2;N541Z   ;KBDL;KBOS;2024-01-29 12:18:54;2024-01-29 12:46:40;2024-01-29;12;Monday;1;2024;27,766666666666666
a91209;KAP211  ;TJSJ;02PR;2024-01-29 12:21:03;2024-01-29 12:32:14;2024-01-29;12;Monday;1;2024;11,183333333333334
a9648d;N704MR  ;KCOI;20FA;2024-01-29 12:17:40;2024-01-29 12:53:59;2024-01-29;12;Monday;1;2024;36,31666666666667
a972d3;FFT9608 ;;;2024-01-29 12:33:34;2024-01-29 12:49:45;2024-01-29;12;Monday;1;2024;16,183333333333334
440277;OEVSO   ;LOAN;LOAN;2024-01-29 12:00:39;2024-01-29 12:55:43;2024-01-29;12;Monday;1;2024;55,06666666666667
452135;WAL270  ;KMIA;;2024-01-29 12:18:45;2024-01-29 12:29:42;2024-01-29;12;Monday;1;2024;10,95
3d20f9;DEKSV   ;EDMV;EDME;2024-01-29 12:03:12;2024-01-29 12:30:58;2024-01-29;12;Monday;1;2024;27,766666666666666
3ffbb5;DMVMW   ;EDME;EDMY;2024-01-29 12:18:42;2024-01-29 12:37:08;2024-01-29;12;Monday;1;2024;18,433333333333334
71bd28;AAR8982 ;;RKSS;2024-01-29 12:04:08;2024-01-29 12:46:48;2024-01-29;12;Monday;1;2024;42,66666666666666
781299;CBJ5321 ;;;2024-01-29 12:30:31;2024-01-29 12:51:14;2024-01-29;12;Monday;1;2024;20,716666666666665
ac097f;CXK634  ;KJQF;KRUQ;2024-01-29 12:15:25;2024-01-29 12:33:55;2024-01-29;12;Monday;1;2024;18,5
e4956e;GLO1326 ;;;2024-01-29 12:18:22;2024-01-29 12:44:40;2024-01-29;12;Monday;1;2024;26,3
39b325;FHMZF   ;LFOT;LFOT;2024-01-29 12:36:49;2024-01-29 12:59:21;2024-01-29;12;Monday;1;2024;22,53333333333333
8881bc;BAV1242 ;;VVGL;2024-01-29 12:30:01;2024-01-29 12:53:57;2024-01-29;12;Monday;1;2024;23,933333333333334
a45586;DAL1299 ;;KATL;2024-01-29 12:06:03;2024-01-29 12:55:59;2024-01-29;12;Monday;1;2024;49,93333333333333
a86f8b;N64238  ;KHWO;FL77;2024-01-29 12:14:36;2024-01-29 12:49:28;2024-01-29;12;Monday;1;2024;34,86666666666667
ac96b4;N910AJ  ;KMIA;2FA4;2024-01-29 12:47:14;2024-01-29 12:59:27;2024-01-29;12;Monday;1;2024;12,216666666666669
c02f2b;THU850  ;CYSB;;2024-01-29 12:34:43;2024-01-29 12:59:16;2024-01-29;12;Monday;1;2024;24,55
48b9c9;SAH51P  ;EGCC;EIDW;2024-01-29 12:21:02;2024-01-29 12:53:38;2024-01-29;12;Monday;1;2024;32,6
48d980;PLF110  ;EPKK;EPWA;2024-01-29 12:22:01;2024-01-29 12:55:16;2024-01-29;12;Monday;1;2024;33,25
3c4dd5;DLH5KW  ;LJLJ;EDDM;2024-01-29 12:08:50;2024-01-29 12:43:57;2024-01-29;12;Monday;1;2024;35,11666666666667
4b4436;HBZVQ   ;;LSZW;2024-01-29 12:12:25;2024-01-29 12:56:54;2024-01-29;12;Monday;1;2024;44,48333333333333
7803e2;CSC8061 ;;;2024-01-29 12:17:51;2024-01-29 12:47:37;2024-01-29;12;Monday;1;2024;29,766666666666666
86cf6f;SNJ118  ;;RJGG;2024-01-29 12:10:48;2024-01-29 12:37:59;2024-01-29;12;Monday;1;2024;27,183333333333334
e49270;GLO1214 ;SBSP;;2024-01-29 12:09:24;2024-01-29 12:21:13;2024-01-29;12;Monday;1;2024;11,816666666666666
758748;CEB459  ;RPLL;;2024-01-29 12:14:07;2024-01-29 12:42:42;2024-01-29;12;Monday;1;2024;28,58333333333333
7815ea;CSC3654 ;;;2024-01-29 12:33:15;2024-01-29 12:54:26;2024-01-29;12;Monday;1;2024;21,183333333333334
a24631;CXK640  ;KCRG;K55J;2024-01-29 12:31:14;2024-01-29 12:42:59;2024-01-29;12;Monday;1;2024;11,75
a299bb;N267HP  ;82FL;KF45;2024-01-29 12:15:46;2024-01-29 12:35:40;2024-01-29;12;Monday;1;2024;19,9
aa56d4;UAL2099 ;;KORD;2024-01-29 12:08:30;2024-01-29 12:42:58;2024-01-29;12;Monday;1;2024;34,46666666666667
acfd2c;AAL2975 ;KIND;KORD;2024-01-29 12:10:37;2024-01-29 12:48:17;2024-01-29;12;Monday;1;2024;37,66666666666666
08009b;ATC101  ;;HTDA;2024-01-29 12:16:47;2024-01-29 12:32:43;2024-01-29;12;Monday;1;2024;15,933333333333334
3dda03;DHCUT   ;ETNN;ETNN;2024-01-29 12:20:30;2024-01-29 12:53:38;2024-01-29;12;Monday;1;2024;33,13333333333333
7801c2;HKE559  ;;VMMC;2024-01-29 12:22:07;2024-01-29 12:35:44;2024-01-29;12;Monday;1;2024;13,616666666666667
a6d91c;LFA319  ;KCRG;KSGJ;2024-01-29 12:48:20;2024-01-29 12:59:29;2024-01-29;12;Monday;1;2024;11,15
e4999f;TAM8042 ;;;2024-01-29 12:42:51;2024-01-29 12:59:37;2024-01-29;12;Monday;1;2024;16,766666666666666
0d04ae;SLI126  ;MMMX;;2024-01-29 12:29:12;2024-01-29 12:43:13;2024-01-29;12;Monday;1;2024;14,016666666666667
485085;KLM63J  ;EHAM;EDDH;2024-01-29 12:22:36;2024-01-29 12:59:41;2024-01-29;12;Monday;1;2024;37,083333333333336
3dde7a;CHX66   ;EDGZ;EDRF;2024-01-29 12:27:24;2024-01-29 12:42:26;2024-01-29;12;Monday;1;2024;15,033333333333331
750042;FFM1674 ;WMSA;;2024-01-29 12:40:21;2024-01-29 12:57:28;2024-01-29;12;Monday;1;2024;17,116666666666667
801445;IGO6628 ;VOBL;;2024-01-29 12:02:38;2024-01-29 12:28:13;2024-01-29;12;Monday;1;2024;25,58333333333333
a4c757;N407HF  ;XS50;KCRP;2024-01-29 12:06:33;2024-01-29 12:29:58;2024-01-29;12;Monday;1;2024;23,416666666666668
e8061a;JAT770  ;;SBGR;2024-01-29 12:06:36;2024-01-29 12:29:52;2024-01-29;12;Monday;1;2024;23,266666666666666
0d099e;VOI784  ;MMMX;;2024-01-29 12:17:38;2024-01-29 12:29:06;2024-01-29;12;Monday;1;2024;11,466666666666669
402d72;GBPKM   ;EGPD;;2024-01-29 12:01:45;2024-01-29 12:21:57;2024-01-29;12;Monday;1;2024;20,2
a98515;SKW3826 ;;KATL;2024-01-29 12:01:45;2024-01-29 12:44:08;2024-01-29;12;Monday;1;2024;42,38333333333333
ab14d9;DAL1169 ;KGSP;KATL;2024-01-29 12:10:54;2024-01-29 12:39:57;2024-01-29;12;Monday;1;2024;29,05
e0b198;JES3073 ;;SABE;2024-01-29 12:15:35;2024-01-29 12:51:29;2024-01-29;12;Monday;1;2024;35,9
e48b66;TAM3060 ;SBSP;;2024-01-29 12:42:13;2024-01-29 12:56:29;2024-01-29;12;Monday;1;2024;14,266666666666667
405200;GMA963  ;EGJJ;EGTK;2024-01-29 12:12:15;2024-01-29 12:54:20;2024-01-29;12;Monday;1;2024;42,083333333333336
4078fb;NHZ654  ;EGPD;;2024-01-29 12:07:38;2024-01-29 12:17:51;2024-01-29;12;Monday;1;2024;10,216666666666669
8015fc;IGO5173 ;;;2024-01-29 12:19:15;2024-01-29 12:40:59;2024-01-29;12;Monday;1;2024;21,73333333333333
800c6d;IGO7389 ;;VOBL;2024-01-29 12:18:13;2024-01-29 12:44:53;2024-01-29;12;Monday;1;2024;26,666666666666668
888155;VJC430  ;;VVGL;2024-01-29 12:25:14;2024-01-29 12:51:09;2024-01-29;12;Monday;1;2024;25,916666666666668
e497b0;PSAMR   ;SBSP;;2024-01-29 12:11:48;2024-01-29 12:39:06;2024-01-29;12;Monday;1;2024;27,3
008de4;SFR273  ;;FAOR;2024-01-29 12:00:33;2024-01-29 12:13:12;2024-01-29;12;Monday;1;2024;12,65
3ffaf3;DMYEK   ;EDST;EDST;2024-01-29 12:40:50;2024-01-29 12:51:36;2024-01-29;12;Monday;1;2024;10,766666666666667
801587;AKJ1518 ;;;2024-01-29 12:35:00;2024-01-29 12:59:42;2024-01-29;12;Monday;1;2024;24,7
800be6;AIC768  ;;VIDP;2024-01-29 12:05:20;2024-01-29 12:53:23;2024-01-29;12;Monday;1;2024;48,05
851142;JAL208  ;RJGG;RJTT;2024-01-29 12:16:17;2024-01-29 12:47:58;2024-01-29;12;Monday;1;2024;31,683333333333334
a64e69;VOI1014 ;MM28;;2024-01-29 12:04:35;2024-01-29 12:26:25;2024-01-29;12;Monday;1;2024;21,83333333333333
e49234;TAM3758 ;SBBR;;2024-01-29 12:15:37;2024-01-29 12:44:25;2024-01-29;12;Monday;1;2024;28,8
e48ad5;TAM4626 ;;;2024-01-29 12:14:30;2024-01-29 12:26:27;2024-01-29;12;Monday;1;2024;11,95
0d0fba;VIV1392 ;MMMX;;2024-01-29 12:06:38;2024-01-29 12:18:34;2024-01-29;12;Monday;1;2024;11,933333333333334
43ea3a;MARIE   ;EGHI;EGJB;2024-01-29 12:18:48;2024-01-29 12:41:37;2024-01-29;12;Monday;1;2024;22,816666666666663
43eb9f;2NYAW   ;LFML;LFCR;2024-01-29 12:26:57;2024-01-29 12:53:43;2024-01-29;12;Monday;1;2024;26,766666666666666
3ff925;DMSYX   ;EDML;LOIJ;2024-01-29 12:13:15;2024-01-29 12:55:43;2024-01-29;12;Monday;1;2024;42,46666666666667
78926e;AHK456  ;;RPLL;2024-01-29 12:15:40;2024-01-29 12:56:11;2024-01-29;12;Monday;1;2024;40,516666666666666
8881a1;BAV289  ;VVNB;;2024-01-29 12:35:46;2024-01-29 12:55:50;2024-01-29;12;Monday;1;2024;20,066666666666663
a66103;N51VT   ;KROA;KRIC;2024-01-29 12:06:43;2024-01-29 12:33:27;2024-01-29;12;Monday;1;2024;26,73333333333333
3e1684;CHX2    ;;EDFC;2024-01-29 12:28:52;2024-01-29 12:40:25;2024-01-29;12;Monday;1;2024;11,55
780f73;CQH6174 ;;;2024-01-29 12:10:12;2024-01-29 12:24:08;2024-01-29;12;Monday;1;2024;13,933333333333334
a3dc5a;EDV5477 ;KCHA;KATL;2024-01-29 12:01:31;2024-01-29 12:31:17;2024-01-29;12;Monday;1;2024;29,766666666666666
a593a0;AWI6135 ;KFWA;KORD;2024-01-29 12:27:32;2024-01-29 12:56:53;2024-01-29;12;Monday;1;2024;29,35
a6cf38;N538M   ;;KMSN;2024-01-29 12:15:52;2024-01-29 12:39:29;2024-01-29;12;Monday;1;2024;23,616666666666667
ad14a8;DAL2853 ;KAVL;KATL;2024-01-29 12:17:30;2024-01-29 12:46:05;2024-01-29;12;Monday;1;2024;28,58333333333333
4b0f92;HBFXI   ;LOWL;EDMA;2024-01-29 12:11:28;2024-01-29 12:51:18;2024-01-29;12;Monday;1;2024;39,833333333333336
4b421b;HBZAX   ;;LSMF;2024-01-29 12:10:37;2024-01-29 12:29:18;2024-01-29;12;Monday;1;2024;18,683333333333334
4b445d;HBZXD   ;LSMF;LSZX;2024-01-29 12:31:24;2024-01-29 12:46:26;2024-01-29;12;Monday;1;2024;15,033333333333331
a53d34;AWI6048 ;KCWA;KORD;2024-01-29 12:11:27;2024-01-29 12:56:11;2024-01-29;12;Monday;1;2024;44,73333333333333
a57290;ERU450  ;K28J;KDAB;2024-01-29 12:20:02;2024-01-29 12:48:58;2024-01-29;12;Monday;1;2024;28,933333333333334
a794d9;JIA5150 ;;KCLT;2024-01-29 12:06:39;2024-01-29 12:31:58;2024-01-29;12;Monday;1;2024;25,316666666666663
c071ed;PSC483  ;CYHU;CYQB;2024-01-29 12:11:44;2024-01-29 12:46:25;2024-01-29;12;Monday;1;2024;34,68333333333333
e8024e;LPE2191 ;;SPJC;2024-01-29 12:14:53;2024-01-29 12:35:49;2024-01-29;12;Monday;1;2024;20,933333333333334
300625;IDADJ   ;LIRU;LIAA;2024-01-29 12:31:51;2024-01-29 12:46:19;2024-01-29;12;Monday;1;2024;14,466666666666669
4404ac;OEBXQ   ;LOWG;LOGF;2024-01-29 12:36:38;2024-01-29 12:53:25;2024-01-29;12;Monday;1;2024;16,783333333333335
461e1a;FIN6EH  ;ESSA;EFHK;2024-01-29 12:11:54;2024-01-29 12:54:28;2024-01-29;12;Monday;1;2024;42,56666666666667
4d02e9;JFA56L  ;EGWU;EGKB;2024-01-29 12:42:28;2024-01-29 12:59:14;2024-01-29;12;Monday;1;2024;16,766666666666666
71c351;KAL860  ;RKSI;RKSI;2024-01-29 12:26:39;2024-01-29 12:38:48;2024-01-29;12;Monday;1;2024;12,15
71bf08;KAL1834 ;;RKSS;2024-01-29 12:01:20;2024-01-29 12:14:54;2024-01-29;12;Monday;1;2024;13,566666666666666
a3e91d;N351GC  ;;86GA;2024-01-29 12:16:45;2024-01-29 12:55:20;2024-01-29;12;Monday;1;2024;38,583333333333336
a63ac9;;KORL;;2024-01-29 12:09:03;2024-01-29 12:38:07;2024-01-29;12;Monday;1;2024;29,066666666666663
a6c7b2;LAE2803 ;KMIA;;2024-01-29 12:05:34;2024-01-29 12:17:07;2024-01-29;12;Monday;1;2024;11,55
47c108;NOR977  ;ENBR;;2024-01-29 12:09:25;2024-01-29 12:35:18;2024-01-29;12;Monday;1;2024;25,883333333333333
4b1617;SWR7LV  ;LSZH;LSGG;2024-01-29 12:10:48;2024-01-29 12:38:58;2024-01-29;12;Monday;1;2024;28,166666666666668
4aaa6b;DFL5930 ;ESCM;ESOW;2024-01-29 12:07:10;2024-01-29 12:17:26;2024-01-29;12;Monday;1;2024;10,266666666666667
4ca81d;ITY1781 ;LIRF;;2024-01-29 12:39:47;2024-01-29 12:59:29;2024-01-29;12;Monday;1;2024;19,7
7583ee;ATX156  ;RPLL;;2024-01-29 12:10:13;2024-01-29 12:45:58;2024-01-29;12;Monday;1;2024;35,75
8830ea;TLM792  ;VTBD;;2024-01-29 12:09:08;2024-01-29 12:45:25;2024-01-29;12;Monday;1;2024;36,28333333333333
398cb4;FHDFU   ;LFCZ;LFCZ;2024-01-29 12:16:34;2024-01-29 12:35:27;2024-01-29;12;Monday;1;2024;18,883333333333333
4cadd5;KZR7131 ;;;2024-01-29 12:06:02;2024-01-29 12:30:17;2024-01-29;12;Monday;1;2024;24,25
801606;AXB765  ;;VOBL;2024-01-29 12:05:00;2024-01-29 12:38:08;2024-01-29;12;Monday;1;2024;33,13333333333333
e499a1;PSFBR   ;SBBR;SWUZ;2024-01-29 12:16:33;2024-01-29 12:26:52;2024-01-29;12;Monday;1;2024;10,316666666666666
395141;MOLOCH78;;LFDN;2024-01-29 12:07:07;2024-01-29 12:25:54;2024-01-29;12;Monday;1;2024;18,78333333333333
a7d4c2;N6030F  ;;FA69;2024-01-29 12:17:44;2024-01-29 12:42:48;2024-01-29;12;Monday;1;2024;25,066666666666663
e48e92;GLO1638 ;;;2024-01-29 12:46:47;2024-01-29 12:57:21;2024-01-29;12;Monday;1;2024;10,566666666666666
0d0a1a;SLI1035 ;;MMMX;2024-01-29 12:17:39;2024-01-29 12:47:20;2024-01-29;12;Monday;1;2024;29,683333333333334
899052;UIA8836 ;;RCSS;2024-01-29 12:26:01;2024-01-29 12:57:10;2024-01-29;12;Monday;1;2024;31,15
a67715;N5155M  ;KX04;KX04;2024-01-29 12:05:17;2024-01-29 12:57:59;2024-01-29;12;Monday;1;2024;52,7
e4988c;GLO1266 ;;;2024-01-29 12:41:35;2024-01-29 12:57:03;2024-01-29;12;Monday;1;2024;15,466666666666669
44082c;AUA6TM  ;LOWW;;2024-01-29 12:06:33;2024-01-29 12:58:55;2024-01-29;12;Monday;1;2024;52,36666666666667
704015;MMA350  ;;VTBS;2024-01-29 12:25:12;2024-01-29 12:55:37;2024-01-29;12;Monday;1;2024;30,416666666666668
7c6ddc;QFA197  ;YBBN;;2024-01-29 12:14:30;2024-01-29 12:51:26;2024-01-29;12;Monday;1;2024;36,93333333333333
ac2bb8;ASH6103 ;KNY2;KIAD;2024-01-29 12:00:16;2024-01-29 12:52:59;2024-01-29;12;Monday;1;2024;52,71666666666667
ad928d;AMX200  ;MMMX;;2024-01-29 12:30:40;2024-01-29 12:41:57;2024-01-29;12;Monday;1;2024;11,283333333333331
396f1c;FJDSD   ;LFGA;LFGA;2024-01-29 12:33:18;2024-01-29 12:53:26;2024-01-29;12;Monday;1;2024;20,133333333333333
3ff39a;DMWKR   ;EDLT;EDLH;2024-01-29 12:31:33;2024-01-29 12:42:54;2024-01-29;12;Monday;1;2024;11,35
75857d;CEB753  ;RPLL;;2024-01-29 12:09:05;2024-01-29 12:41:40;2024-01-29;12;Monday;1;2024;32,583333333333336
a72840;N560PS  ;KMGM;K1R8;2024-01-29 12:28:03;2024-01-29 12:49:48;2024-01-29;12;Monday;1;2024;21,75
3d0f2c;DEDZO   ;EDFM;EDFV;2024-01-29 12:33:36;2024-01-29 12:50:48;2024-01-29;12;Monday;1;2024;17,2
e483dd;TAM3913 ;;SBSP;2024-01-29 12:37:43;2024-01-29 12:57:48;2024-01-29;12;Monday;1;2024;20,08333333333333
0d06e5;SLI2528 ;MMMX;;2024-01-29 12:11:10;2024-01-29 12:45:25;2024-01-29;12;Monday;1;2024;34,25
8880c5;HVN1186 ;;VVCI;2024-01-29 12:15:00;2024-01-29 12:43:57;2024-01-29;12;Monday;1;2024;28,95
a8b44e;AAL2616 ;KSAT;KDFW;2024-01-29 12:06:34;2024-01-29 12:47:35;2024-01-29;12;Monday;1;2024;41,016666666666666
abb19c;SWA158  ;KDAL;KAUS;2024-01-29 12:20:39;2024-01-29 12:51:56;2024-01-29;12;Monday;1;2024;31,28333333333333
e49a47;2250    ;SBSP;;2024-01-29 12:07:32;2024-01-29 12:18:25;2024-01-29;12;Monday;1;2024;10,883333333333333
e49d22;AZU9009 ;SBKP;;2024-01-29 12:18:16;2024-01-29 12:33:37;2024-01-29;12;Monday;1;2024;15,35
008024;ZSAAT   ;;FAOR;2024-01-29 12:14:58;2024-01-29 12:31:52;2024-01-29;12;Monday;1;2024;16,9
0d04df;SLI1034 ;MMMX;;2024-01-29 12:16:37;2024-01-29 12:44:27;2024-01-29;12;Monday;1;2024;27,83333333333333
320072;VOLPE30 ;LIRE;LIRE;2024-01-29 12:26:04;2024-01-29 12:47:19;2024-01-29;12;Monday;1;2024;21,25
7c5d98;SH188   ;;YMML;2024-01-29 12:01:16;2024-01-29 12:51:16;2024-01-29;12;Monday;1;2024;50,0
a06b79;N126RF  ;KTPF;;2024-01-29 12:25:07;2024-01-29 12:57:17;2024-01-29;12;Monday;1;2024;32,166666666666664
e0b147;FBZ5121 ;;SABE;2024-01-29 12:09:30;2024-01-29 12:59:58;2024-01-29;12;Monday;1;2024;50,46666666666667
0d0dd9;AMX500  ;MMMX;;2024-01-29 12:38:20;2024-01-29 12:56:58;2024-01-29;12;Monday;1;2024;18,633333333333333
3de045;DHFEJ   ;EDFB;EDFB;2024-01-29 12:24:30;2024-01-29 12:40:22;2024-01-29;12;Monday;1;2024;15,866666666666667
888148;PIC6039 ;VVNB;;2024-01-29 12:02:16;2024-01-29 12:24:19;2024-01-29;12;Monday;1;2024;22,05
a75eb4;EJA574  ;KIAD;KBWI;2024-01-29 12:33:36;2024-01-29 12:53:29;2024-01-29;12;Monday;1;2024;19,883333333333333
e480a2;TAM3580 ;;;2024-01-29 12:38:15;2024-01-29 12:54:09;2024-01-29;12;Monday;1;2024;15,9
00af2e;SAA555  ;FAOR;;2024-01-29 12:28:13;2024-01-29 12:40:26;2024-01-29;12;Monday;1;2024;12,216666666666669
151fed;AFL1232 ;;;2024-01-29 12:16:41;2024-01-29 12:29:28;2024-01-29;12;Monday;1;2024;12,783333333333331
39244d;FGJCN   ;LFOR;LFOL;2024-01-29 12:08:48;2024-01-29 12:49:13;2024-01-29;12;Monday;1;2024;40,41666666666666
40093f;SHT3X   ;EGCC;EGLL;2024-01-29 12:14:54;2024-01-29 12:56:36;2024-01-29;12;Monday;1;2024;41,7
758321;APG314  ;;RPLL;2024-01-29 12:13:54;2024-01-29 12:53:28;2024-01-29;12;Monday;1;2024;39,56666666666667
aa18d0;N75MN   ;KLEX;GA03;2024-01-29 12:00:55;2024-01-29 12:31:53;2024-01-29;12;Monday;1;2024;30,966666666666665
ab84c9;AAL1740 ;KTPA;KMIA;2024-01-29 12:11:03;2024-01-29 12:53:24;2024-01-29;12;Monday;1;2024;42,35
ad4eba;DAL2415 ;;KATL;2024-01-29 12:14:02;2024-01-29 12:51:18;2024-01-29;12;Monday;1;2024;37,266666666666666
e095d0;LVIWP   ;SADF;;2024-01-29 12:15:19;2024-01-29 12:44:19;2024-01-29;12;Monday;1;2024;29,0
04005d;SKK079  ;;;2024-01-29 12:21:48;2024-01-29 12:35:44;2024-01-29;12;Monday;1;2024;13,933333333333334
47a210;DOC97   ;EKBI;EKSS;2024-01-29 12:34:01;2024-01-29 12:53:51;2024-01-29;12;Monday;1;2024;19,83333333333333
47c0cf;DOC82   ;EKVB;;2024-01-29 12:08:18;2024-01-29 12:20:38;2024-01-29;12;Monday;1;2024;12,333333333333334
70aa71;RNA218  ;VIDP;;2024-01-29 12:22:00;2024-01-29 12:56:15;2024-01-29;12;Monday;1;2024;34,25
a077f4;N1293T  ;KHWO;KTNT;2024-01-29 12:24:34;2024-01-29 12:51:12;2024-01-29;12;Monday;1;2024;26,633333333333333
aa19b7;N75WU   ;EDRK;EDRK;2024-01-29 12:43:09;2024-01-29 12:57:29;2024-01-29;12;Monday;1;2024;14,333333333333334
ac42fc;N89AA   ;KGSP;KGSO;2024-01-29 12:32:26;2024-01-29 12:57:27;2024-01-29;12;Monday;1;2024;25,016666666666666
e2006f;LVS060  ;SADM;;2024-01-29 12:11:12;2024-01-29 12:59:09;2024-01-29;12;Monday;1;2024;47,95
347311;AEA6025 ;LEMD;LEIB;2024-01-29 12:07:30;2024-01-29 12:48:22;2024-01-29;12;Monday;1;2024;40,86666666666667
e48135;TAM3133 ;;SBSP;2024-01-29 12:06:31;2024-01-29 12:21:21;2024-01-29;12;Monday;1;2024;14,833333333333334
e48ac5;AZU2846 ;SBKP;;2024-01-29 12:08:30;2024-01-29 12:35:29;2024-01-29;12;Monday;1;2024;26,98333333333333
e48d6e;PPNMM   ;;SBSP;2024-01-29 12:11:34;2024-01-29 12:54:09;2024-01-29;12;Monday;1;2024;42,583333333333336
47807f;NOR240  ;;ENBR;2024-01-29 12:24:23;2024-01-29 12:43:45;2024-01-29;12;Monday;1;2024;19,366666666666667
3a4561;SPM1121 ;;;2024-01-29 12:31:40;2024-01-29 12:51:29;2024-01-29;12;Monday;1;2024;19,816666666666663
a21109;N232MH  ;KEWR;KEWR;2024-01-29 12:02:09;2024-01-29 12:21:59;2024-01-29;12;Monday;1;2024;19,83333333333333
ac490c;N891AA  ;KDNL;KSAV;2024-01-29 12:25:34;2024-01-29 12:50:36;2024-01-29;12;Monday;1;2024;25,03333333333333
151e57;PBD167  ;;URMM;2024-01-29 12:23:32;2024-01-29 12:34:22;2024-01-29;12;Monday;1;2024;10,833333333333334
a79406;N588EB  ;;KCHS;2024-01-29 12:43:48;2024-01-29 12:55:59;2024-01-29;12;Monday;1;2024;12,183333333333334
ae51b9;HAZE74  ;EDQB;EDQB;2024-01-29 12:23:41;2024-01-29 12:58:51;2024-01-29;12;Monday;1;2024;35,166666666666664
706026;KAC792  ;;OKBK;2024-01-29 12:05:01;2024-01-29 12:21:55;2024-01-29;12;Monday;1;2024;16,9
717ca2;SVA500  ;;OKBK;2024-01-29 12:43:18;2024-01-29 12:59:25;2024-01-29;12;Monday;1;2024;16,116666666666667
78050a;CQN2167 ;;;2024-01-29 12:37:00;2024-01-29 12:59:22;2024-01-29;12;Monday;1;2024;22,366666666666667
8414a9;JTA48   ;;RJGG;2024-01-29 12:37:01;2024-01-29 12:59:57;2024-01-29;12;Monday;1;2024;22,933333333333334
86d607;APJ158  ;RJFF;RJBB;2024-01-29 12:04:47;2024-01-29 12:42:24;2024-01-29;12;Monday;1;2024;37,61666666666667
a480f2;N39FE   ;;;2024-01-29 12:40:40;2024-01-29 12:58:58;2024-01-29;12;Monday;1;2024;18,3
aa493e;ATN3014 ;;KMIA;2024-01-29 12:42:34;2024-01-29 12:55:24;2024-01-29;12;Monday;1;2024;12,833333333333334
e48e94;GLO2029 ;SBBR;;2024-01-29 12:25:30;2024-01-29 12:39:45;2024-01-29;12;Monday;1;2024;14,25
151dff;SDM6342 ;;;2024-01-29 12:02:32;2024-01-29 12:56:45;2024-01-29;12;Monday;1;2024;54,21666666666667
4010ea;EZY432A ;EGPH;EGAA;2024-01-29 12:00:02;2024-01-29 12:31:09;2024-01-29;12;Monday;1;2024;31,116666666666667
44082a;AUA3F   ;LOWW;LDZL;2024-01-29 12:15:33;2024-01-29 12:43:46;2024-01-29;12;Monday;1;2024;28,216666666666665
4b07df;HBCZN   ;LSGL;LSZG;2024-01-29 12:22:20;2024-01-29 12:52:48;2024-01-29;12;Monday;1;2024;30,466666666666665
a6f326;JIA5088 ;KORF;KPHL;2024-01-29 12:03:49;2024-01-29 12:45:26;2024-01-29;12;Monday;1;2024;41,61666666666667
393322;AFR55PK ;LFPG;LFHC;2024-01-29 12:19:49;2024-01-29 12:57:28;2024-01-29;12;Monday;1;2024;37,65
3dafb2;PTO405  ;ETNL;EDUW;2024-01-29 12:30:54;2024-01-29 12:46:14;2024-01-29;12;Monday;1;2024;15,333333333333334
4b4271;HBZEF   ;LSGB;LSGB;2024-01-29 12:07:34;2024-01-29 12:20:19;2024-01-29;12;Monday;1;2024;12,75
4d2091;LWG29B  ;LFMN;LIME;2024-01-29 12:05:12;2024-01-29 12:42:15;2024-01-29;12;Monday;1;2024;37,05
88819f;BAV124  ;;VVGL;2024-01-29 12:17:34;2024-01-29 12:38:54;2024-01-29;12;Monday;1;2024;21,33333333333333
a69549;NKS3642 ;KMCO;;2024-01-29 12:12:01;2024-01-29 12:56:24;2024-01-29;12;Monday;1;2024;44,38333333333333
aba7dc;N850FG  ;KTTN;KTTN;2024-01-29 12:18:05;2024-01-29 12:47:27;2024-01-29;12;Monday;1;2024;29,366666666666667
ad9293;DAL1320 ;KCLE;KDTW;2024-01-29 12:03:16;2024-01-29 12:26:28;2024-01-29;12;Monday;1;2024;23,2
e4925c;AZU2777 ;;SBSP;2024-01-29 12:08:01;2024-01-29 12:34:14;2024-01-29;12;Monday;1;2024;26,216666666666665
780c68;CSZ9326 ;;ZGSZ;2024-01-29 12:22:45;2024-01-29 12:42:49;2024-01-29;12;Monday;1;2024;20,066666666666663
c0174f;ACA881  ;LSZH;LSZH;2024-01-29 12:26:04;2024-01-29 12:43:47;2024-01-29;12;Monday;1;2024;17,716666666666665
39dd54;CCM26JA ;LFMN;LFKJ;2024-01-29 12:07:47;2024-01-29 12:39:47;2024-01-29;12;Monday;1;2024;32,0
48f9c1;SPSGOB  ;;EPNL;2024-01-29 12:16:30;2024-01-29 12:51:31;2024-01-29;12;Monday;1;2024;35,016666666666666
86803b;SKY638  ;;RJGG;2024-01-29 12:09:41;2024-01-29 12:34:46;2024-01-29;12;Monday;1;2024;25,08333333333333
484f76;HNL25B  ;EHKD;;2024-01-29 12:46:52;2024-01-29 12:59:56;2024-01-29;12;Monday;1;2024;13,066666666666666
48a5eb;TDR818  ;;LDPL;2024-01-29 12:05:41;2024-01-29 12:38:52;2024-01-29;12;Monday;1;2024;33,18333333333333
48ce4c;SPUTM   ;;EPPO;2024-01-29 12:11:07;2024-01-29 12:23:49;2024-01-29;12;Monday;1;2024;12,7
8963b9;FDB17   ;OMDB;;2024-01-29 12:06:04;2024-01-29 12:16:56;2024-01-29;12;Monday;1;2024;10,866666666666667
a3fb63;N356DA  ;KWDR;GA86;2024-01-29 12:28:34;2024-01-29 12:53:21;2024-01-29;12;Monday;1;2024;24,78333333333333
71c532;KAL1330 ;;RKSS;2024-01-29 12:01:16;2024-01-29 12:41:07;2024-01-29;12;Monday;1;2024;39,85
7807be;CSC3659 ;ZGSZ;;2024-01-29 12:06:06;2024-01-29 12:21:11;2024-01-29;12;Monday;1;2024;15,083333333333334
781935;CSN8798 ;;;2024-01-29 12:30:25;2024-01-29 12:41:38;2024-01-29;12;Monday;1;2024;11,216666666666669
780cb9;CCA4033 ;;;2024-01-29 12:32:47;2024-01-29 12:59:55;2024-01-29;12;Monday;1;2024;27,133333333333333
a492c2;N394MK  ;KHUF;36II;2024-01-29 12:23:03;2024-01-29 12:39:29;2024-01-29;12;Monday;1;2024;16,433333333333334
39b326;FHMZG   ;LFOV;LFOT;2024-01-29 12:16:39;2024-01-29 12:55:28;2024-01-29;12;Monday;1;2024;38,81666666666667
71bf30;ABL8826 ;;RKSS;2024-01-29 12:10:06;2024-01-29 12:23:40;2024-01-29;12;Monday;1;2024;13,566666666666666
aa31ed;SKW4959 ;;KDFW;2024-01-29 12:20:47;2024-01-29 12:56:47;2024-01-29;12;Monday;1;2024;36,0
45a18d;BBX609  ;;EKEB;2024-01-29 12:37:39;2024-01-29 12:58:49;2024-01-29;12;Monday;1;2024;21,166666666666668
4caa5c;RYR334P ;LEAL;;2024-01-29 12:43:56;2024-01-29 12:58:59;2024-01-29;12;Monday;1;2024;15,05
a49759;N395WJ  ;KYIP;KIND;2024-01-29 12:20:44;2024-01-29 12:57:13;2024-01-29;12;Monday;1;2024;36,48333333333333
a7b0c4;JBU1093 ;KFLL;;2024-01-29 12:20:41;2024-01-29 12:33:05;2024-01-29;12;Monday;1;2024;12,4
aa80eb;SKW4104 ;KMGM;KATL;2024-01-29 12:08:43;2024-01-29 12:45:20;2024-01-29;12;Monday;1;2024;36,61666666666667
e47fa8;GLO1554 ;;;2024-01-29 12:11:04;2024-01-29 12:22:27;2024-01-29;12;Monday;1;2024;11,383333333333333
34760e;FBY99B  ;LEJO;LEBG;2024-01-29 12:04:33;2024-01-29 12:17:28;2024-01-29;12;Monday;1;2024;12,916666666666666
4cadad;ITY2133 ;LIML;LIRF;2024-01-29 12:11:40;2024-01-29 12:59:09;2024-01-29;12;Monday;1;2024;47,48333333333333
a05ed4;10653   ;EPLY;EPLY;2024-01-29 12:35:08;2024-01-29 12:54:39;2024-01-29;12;Monday;1;2024;19,516666666666666
a67c3a;JBU113  ;KMCO;;2024-01-29 12:05:09;2024-01-29 12:46:29;2024-01-29;12;Monday;1;2024;41,333333333333336
a9eea8;N739YH  ;KMLB;08FD;2024-01-29 12:26:30;2024-01-29 12:52:28;2024-01-29;12;Monday;1;2024;25,966666666666665
0d8234;YV588T  ;SVPR;;2024-01-29 12:37:28;2024-01-29 12:48:51;2024-01-29;12;Monday;1;2024;11,383333333333333
800c15;IGO587  ;;VIDP;2024-01-29 12:03:30;2024-01-29 12:53:49;2024-01-29;12;Monday;1;2024;50,31666666666667
7503db;MXD805  ;WMKK;WSSS;2024-01-29 12:11:13;2024-01-29 12:50:29;2024-01-29;12;Monday;1;2024;39,266666666666666
880450;AIQ3372 ;VTBD;;2024-01-29 12:16:12;2024-01-29 12:43:33;2024-01-29;12;Monday;1;2024;27,35
a16725;N19PP   ;KAZO;MI60;2024-01-29 12:21:09;2024-01-29 12:46:55;2024-01-29;12;Monday;1;2024;25,766666666666666
a23699;N24139  ;KDAN;KDAN;2024-01-29 12:26:24;2024-01-29 12:38:58;2024-01-29;12;Monday;1;2024;12,566666666666666
a2d62c;LAK282  ;KSRQ;KPMP;2024-01-29 12:03:40;2024-01-29 12:35:20;2024-01-29;12;Monday;1;2024;31,666666666666668
a5fb48;N485BC  ;02PR;TJIG;2024-01-29 12:28:39;2024-01-29 12:49:45;2024-01-29;12;Monday;1;2024;21,1
c00f1b;THU860  ;;CYQT;2024-01-29 12:31:12;2024-01-29 12:44:29;2024-01-29;12;Monday;1;2024;13,283333333333331
44064b;OEABF   ;LOAA;LKZN;2024-01-29 12:12:01;2024-01-29 12:29:59;2024-01-29;12;Monday;1;2024;17,966666666666665
3b7529;MAE42   ;LFBG;LFBJ;2024-01-29 12:02:44;2024-01-29 12:53:13;2024-01-29;12;Monday;1;2024;50,48333333333333
78134e;CDG1189 ;;;2024-01-29 12:40:07;2024-01-29 12:57:54;2024-01-29;12;Monday;1;2024;17,783333333333335
780d10;CHH7355 ;ZGSZ;;2024-01-29 12:18:16;2024-01-29 12:31:37;2024-01-29;12;Monday;1;2024;13,35
800c9b;IGO7197 ;VOMM;;2024-01-29 12:01:38;2024-01-29 12:45:13;2024-01-29;12;Monday;1;2024;43,583333333333336
a982d6;CXK436  ;KRDU;KISO;2024-01-29 12:02:04;2024-01-29 12:32:43;2024-01-29;12;Monday;1;2024;30,65
00a11e;LNK789G ;FAOR;;2024-01-29 12:06:17;2024-01-29 12:23:59;2024-01-29;12;Monday;1;2024;17,7
780751;CSZ9212 ;;;2024-01-29 12:29:56;2024-01-29 12:52:25;2024-01-29;12;Monday;1;2024;22,48333333333333
a39ead;TPA4055 ;;SBKP;2024-01-29 12:42:46;2024-01-29 12:57:51;2024-01-29;12;Monday;1;2024;15,083333333333334
acbcfd;N92N    ;KLDJ;KJFK;2024-01-29 12:08:35;2024-01-29 12:44:28;2024-01-29;12;Monday;1;2024;35,88333333333333
acda02;AAL683  ;KRDU;KCLT;2024-01-29 12:19:52;2024-01-29 12:59:24;2024-01-29;12;Monday;1;2024;39,53333333333333
485b1a;PH4S2   ;EHMZ;EHSE;2024-01-29 12:17:46;2024-01-29 12:40:22;2024-01-29;12;Monday;1;2024;22,6
4b1b13;HBKGP   ;LSGL;LSZB;2024-01-29 12:01:33;2024-01-29 12:44:58;2024-01-29;12;Monday;1;2024;43,41666666666666
7c7c9b;VOZ1464 ;;YMML;2024-01-29 12:12:25;2024-01-29 12:44:39;2024-01-29;12;Monday;1;2024;32,233333333333334
01010d;MSR682  ;;;2024-01-29 12:14:37;2024-01-29 12:26:41;2024-01-29;12;Monday;1;2024;12,066666666666666
0d0e5b;VIV4311 ;;;2024-01-29 12:43:50;2024-01-29 12:56:34;2024-01-29;12;Monday;1;2024;12,733333333333333
4401c8;OEVPT   ;LOAN;LOAN;2024-01-29 12:02:51;2024-01-29 12:28:56;2024-01-29;12;Monday;1;2024;26,08333333333333
4951d9;TAP1926 ;LPPT;LPPR;2024-01-29 12:18:34;2024-01-29 12:56:49;2024-01-29;12;Monday;1;2024;38,25
511160;BAV1176 ;;VV01;2024-01-29 12:04:16;2024-01-29 12:23:52;2024-01-29;12;Monday;1;2024;19,6
899130;UIA8626 ;;RCSS;2024-01-29 12:39:36;2024-01-29 12:53:42;2024-01-29;12;Monday;1;2024;14,1
3d37fc;DETLK   ;EDFE;EDFE;2024-01-29 12:01:53;2024-01-29 12:38:32;2024-01-29;12;Monday;1;2024;36,65
4a1e4e;MYJ433  ;LRBS;;2024-01-29 12:34:01;2024-01-29 12:54:40;2024-01-29;12;Monday;1;2024;20,65
a1574d;N186DM  ;;4MO4;2024-01-29 12:33:29;2024-01-29 12:57:54;2024-01-29;12;Monday;1;2024;24,416666666666668
a432c3;N37PM   ;KF45;KVRB;2024-01-29 12:31:40;2024-01-29 12:55:14;2024-01-29;12;Monday;1;2024;23,566666666666663
a69bbf;N525CM  ;;KRBD;2024-01-29 12:30:36;2024-01-29 12:46:32;2024-01-29;12;Monday;1;2024;15,933333333333334
a7538f;EJA571  ;KTEB;KMMU;2024-01-29 12:42:26;2024-01-29 12:58:43;2024-01-29;12;Monday;1;2024;16,283333333333335
a7d682;NLE101  ;89NJ;KDCA;2024-01-29 12:21:55;2024-01-29 12:54:48;2024-01-29;12;Monday;1;2024;32,88333333333333
00c45f;SFR373  ;FAOR;;2024-01-29 12:35:25;2024-01-29 12:54:59;2024-01-29;12;Monday;1;2024;19,566666666666663
4007dc;LOG9AW  ;EGPF;EGQB;2024-01-29 12:32:35;2024-01-29 12:52:09;2024-01-29;12;Monday;1;2024;19,566666666666663
3c66a3;DLH4LV  ;EDDF;EDDN;2024-01-29 12:10:44;2024-01-29 12:33:10;2024-01-29;12;Monday;1;2024;22,433333333333334
a14d8b;N183TS  ;KHSV;KFTY;2024-01-29 12:18:41;2024-01-29 12:50:40;2024-01-29;12;Monday;1;2024;31,98333333333333
e47ed1;GLO2102 ;SBBR;;2024-01-29 12:24:12;2024-01-29 12:51:59;2024-01-29;12;Monday;1;2024;27,78333333333333
e49444;AZU4301 ;;SBKP;2024-01-29 12:34:05;2024-01-29 12:48:57;2024-01-29;12;Monday;1;2024;14,866666666666667
0d06f6;SLI2642 ;MMMX;;2024-01-29 12:36:51;2024-01-29 12:49:36;2024-01-29;12;Monday;1;2024;12,75
0d08f4;VOI5838 ;MMMX;;2024-01-29 12:27:40;2024-01-29 12:39:27;2024-01-29;12;Monday;1;2024;11,783333333333331
440109;OEDNS   ;LOAN;LOAN;2024-01-29 12:04:43;2024-01-29 12:20:57;2024-01-29;12;Monday;1;2024;16,233333333333334
491314;NJE120M ;;LSZH;2024-01-29 12:13:47;2024-01-29 12:41:49;2024-01-29;12;Monday;1;2024;28,03333333333333
3e0fdf;CHX54   ;EDTF;EDTF;2024-01-29 12:35:40;2024-01-29 12:47:10;2024-01-29;12;Monday;1;2024;11,5
8a0650;CTV687  ;;;2024-01-29 12:09:04;2024-01-29 12:31:39;2024-01-29;12;Monday;1;2024;22,58333333333333
a6ec65;VOC4068 ;;MGGT;2024-01-29 12:11:13;2024-01-29 12:42:18;2024-01-29;12;Monday;1;2024;31,08333333333333
45b102;DTR1842 ;;;2024-01-29 12:17:21;2024-01-29 12:42:02;2024-01-29;12;Monday;1;2024;24,683333333333334
48b220;BNI2A   ;;EPPT;2024-01-29 12:34:24;2024-01-29 12:55:56;2024-01-29;12;Monday;1;2024;21,53333333333333
3c6448;DLH77Y  ;EDDF;LOWS;2024-01-29 12:01:22;2024-01-29 12:42:23;2024-01-29;12;Monday;1;2024;41,016666666666666
4c808c;CYF108  ;LCLK;LLBG;2024-01-29 12:11:35;2024-01-29 12:49:56;2024-01-29;12;Monday;1;2024;38,35
78123c;CJX8915 ;;;2024-01-29 12:18:32;2024-01-29 12:34:54;2024-01-29;12;Monday;1;2024;16,366666666666667
a5799f;AWI6051 ;KLSE;KORD;2024-01-29 12:04:19;2024-01-29 12:48:57;2024-01-29;12;Monday;1;2024;44,63333333333333
aae7b3;VXP780  ;KMCO;;2024-01-29 12:05:45;2024-01-29 12:57:13;2024-01-29;12;Monday;1;2024;51,46666666666667
484cc3;KLM1873 ;EHAM;EDDS;2024-01-29 12:07:01;2024-01-29 12:56:22;2024-01-29;12;Monday;1;2024;49,35
880454;AIQ5502 ;VTCC;;2024-01-29 12:17:19;2024-01-29 12:32:59;2024-01-29;12;Monday;1;2024;15,666666666666666
4844c2;LIFELN2 ;EHRD;EHRD;2024-01-29 12:21:44;2024-01-29 12:43:51;2024-01-29;12;Monday;1;2024;22,116666666666667
4cad12;RYR74PU ;EHEH;EGSS;2024-01-29 12:11:01;2024-01-29 12:53:27;2024-01-29;12;Monday;1;2024;42,43333333333333
888061;HVN1278 ;;VV01;2024-01-29 12:35:30;2024-01-29 12:51:17;2024-01-29;12;Monday;1;2024;15,783333333333331
a5050e;SWA310  ;;KDAL;2024-01-29 12:09:30;2024-01-29 12:44:20;2024-01-29;12;Monday;1;2024;34,833333333333336
3df2d5;GAM924A ;;EDXI;2024-01-29 12:04:26;2024-01-29 12:55:39;2024-01-29;12;Monday;1;2024;51,21666666666667
4caa54;EAI53EE ;EGPH;EIDW;2024-01-29 12:07:01;2024-01-29 12:59:48;2024-01-29;12;Monday;1;2024;52,78333333333333
a2b560;LN274AH ;KCLT;KLUK;2024-01-29 12:00:09;2024-01-29 12:58:29;2024-01-29;12;Monday;1;2024;58,333333333333336
e493a6;PPZGQ   ;;SDAI;2024-01-29 12:32:50;2024-01-29 12:56:10;2024-01-29;12;Monday;1;2024;23,33333333333333
46ba85;SEH430  ;LGAV;LGSK;2024-01-29 12:09:31;2024-01-29 12:31:46;2024-01-29;12;Monday;1;2024;22,25
3ddc4b;CHX53   ;ETAR;EDFM;2024-01-29 12:38:21;2024-01-29 12:54:52;2024-01-29;12;Monday;1;2024;16,516666666666666
3ffa6f;DMMLS   ;ETWM;EDWF;2024-01-29 12:06:36;2024-01-29 12:32:22;2024-01-29;12;Monday;1;2024;25,766666666666666
4baac3;THY9BZ  ;;LTFM;2024-01-29 12:05:41;2024-01-29 12:44:24;2024-01-29;12;Monday;1;2024;38,71666666666667
881054;NOK328  ;VTBD;;2024-01-29 12:23:25;2024-01-29 12:45:27;2024-01-29;12;Monday;1;2024;22,03333333333333
a001ce;N1UK    ;KUKT;KUKT;2024-01-29 12:37:43;2024-01-29 12:57:53;2024-01-29;12;Monday;1;2024;20,166666666666668
a2a54a;THRT442 ;2XS4;9TX7;2024-01-29 12:09:30;2024-01-29 12:37:26;2024-01-29;12;Monday;1;2024;27,933333333333334
a3b0b4;N337KC  ;KAAO;MO64;2024-01-29 12:06:45;2024-01-29 12:47:47;2024-01-29;12;Monday;1;2024;41,03333333333333
e49947;CO33    ;SBYS;SDPY;2024-01-29 12:03:07;2024-01-29 12:59:54;2024-01-29;12;Monday;1;2024;56,78333333333333
3d1255;DEFER   ;EDAZ;EDBO;2024-01-29 12:14:44;2024-01-29 12:39:50;2024-01-29;12;Monday;1;2024;25,1
3d24fe;DEMGK   ;EDTD;EDTL;2024-01-29 12:22:01;2024-01-29 12:53:05;2024-01-29;12;Monday;1;2024;31,066666666666663
3e0a3b;BPO219  ;EDNX;EDNX;2024-01-29 12:08:53;2024-01-29 12:32:01;2024-01-29;12;Monday;1;2024;23,133333333333333
7c19ca;FD489   ;;YBBN;2024-01-29 12:24:32;2024-01-29 12:50:44;2024-01-29;12;Monday;1;2024;26,2
a7a90d;N593FD  ;;KPDK;2024-01-29 12:07:28;2024-01-29 12:43:14;2024-01-29;12;Monday;1;2024;35,766666666666666
acc31a;AAL17   ;KMIA;;2024-01-29 12:24:01;2024-01-29 12:34:09;2024-01-29;12;Monday;1;2024;10,133333333333333
896557;FDB1289 ;OMDB;;2024-01-29 12:31:30;2024-01-29 12:43:19;2024-01-29;12;Monday;1;2024;11,816666666666666
a08dc5;N135AA  ;KLEX;KAAS;2024-01-29 12:27:51;2024-01-29 12:48:27;2024-01-29;12;Monday;1;2024;20,6
a349b8;CXK1019 ;KRDU;KRDU;2024-01-29 12:04:22;2024-01-29 12:43:59;2024-01-29;12;Monday;1;2024;39,61666666666667
e48dc5;TAM3438 ;;;2024-01-29 12:15:38;2024-01-29 12:27:59;2024-01-29;12;Monday;1;2024;12,35
447d44;MOETA87 ;LOXZ;LOXZ;2024-01-29 12:02:49;2024-01-29 12:28:36;2024-01-29;12;Monday;1;2024;25,78333333333333
89647e;UAE803  ;OMDB;;2024-01-29 12:20:00;2024-01-29 12:36:36;2024-01-29;12;Monday;1;2024;16,6
a02187;N1073S  ;KMGM;AL76;2024-01-29 12:04:58;2024-01-29 12:17:54;2024-01-29;12;Monday;1;2024;12,933333333333334
a19b2f;GPD202  ;KBED;KHPN;2024-01-29 12:07:43;2024-01-29 12:46:47;2024-01-29;12;Monday;1;2024;39,06666666666667
a68044;N518MK  ;KTTN;KTEB;2024-01-29 12:00:16;2024-01-29 12:21:57;2024-01-29;12;Monday;1;2024;21,683333333333334
ac8eca;N908VL  ;PR07;TJIG;2024-01-29 12:11:37;2024-01-29 12:24:26;2024-01-29;12;Monday;1;2024;12,816666666666666
300808;IDADM   ;;LIRU;2024-01-29 12:27:41;2024-01-29 12:48:57;2024-01-29;12;Monday;1;2024;21,266666666666666
3c4d4a;KLM21G  ;EHAM;EDDL;2024-01-29 12:27:33;2024-01-29 12:52:55;2024-01-29;12;Monday;1;2024;25,366666666666667
3df2d4;GAM955A ;;EDXI;2024-01-29 12:41:45;2024-01-29 12:52:23;2024-01-29;12;Monday;1;2024;10,633333333333333
502d33;IGO144  ;;VOBL;2024-01-29 12:20:13;2024-01-29 12:59:38;2024-01-29;12;Monday;1;2024;39,41666666666666
8014b4;IGO270W ;VOBL;;2024-01-29 12:28:38;2024-01-29 12:54:13;2024-01-29;12;Monday;1;2024;25,58333333333333
84640c;JTA128  ;;RJBB;2024-01-29 12:07:15;2024-01-29 12:31:53;2024-01-29;12;Monday;1;2024;24,633333333333333
4ca812;RYR2EB  ;EIDW;EGCC;2024-01-29 12:10:08;2024-01-29 12:45:59;2024-01-29;12;Monday;1;2024;35,85
71c220;TWB730  ;;RKSS;2024-01-29 12:11:55;2024-01-29 12:53:29;2024-01-29;12;Monday;1;2024;41,56666666666667
780578;CDG2167 ;;;2024-01-29 12:18:08;2024-01-29 12:29:57;2024-01-29;12;Monday;1;2024;11,816666666666666
780ec4;AMU196  ;;;2024-01-29 12:12:35;2024-01-29 12:26:59;2024-01-29;12;Monday;1;2024;14,4
a1d61f;N21718  ;KGYR;KBXK;2024-01-29 12:30:45;2024-01-29 12:42:20;2024-01-29;12;Monday;1;2024;11,583333333333334
a5d73c;N47586  ;KHWO;FA69;2024-01-29 12:21:07;2024-01-29 12:53:25;2024-01-29;12;Monday;1;2024;32,3
0d0ee3;VIV1100 ;MMMX;;2024-01-29 12:35:08;2024-01-29 12:55:56;2024-01-29;12;Monday;1;2024;20,8
3d3636;DESTY   ;EDAH;EDCP;2024-01-29 12:38:40;2024-01-29 12:52:26;2024-01-29;12;Monday;1;2024;13,766666666666667
4ca92b;RYR5TE  ;LEAL;GMTN;2024-01-29 12:04:53;2024-01-29 12:58:26;2024-01-29;12;Monday;1;2024;53,55
a459b6;N38HX   ;2GE5;KPDK;2024-01-29 12:10:07;2024-01-29 12:20:19;2024-01-29;12;Monday;1;2024;10,2
a548c6;N44FE   ;KASG;KH34;2024-01-29 12:43:10;2024-01-29 12:53:21;2024-01-29;12;Monday;1;2024;10,183333333333334
ad1218;AAL579  ;KAUS;KDFW;2024-01-29 12:02:05;2024-01-29 12:40:48;2024-01-29;12;Monday;1;2024;38,71666666666667
458d42;OYCJB   ;EBLE;EBGB;2024-01-29 12:11:39;2024-01-29 12:39:57;2024-01-29;12;Monday;1;2024;28,3
47bf37;DOC55   ;ENKJ;ENGM;2024-01-29 12:00:50;2024-01-29 12:16:40;2024-01-29;12;Monday;1;2024;15,833333333333334
800d87;IGO562  ;VOMM;;2024-01-29 12:08:02;2024-01-29 12:37:54;2024-01-29;12;Monday;1;2024;29,866666666666667
a9809d;N711JS  ;KCRG;KCRG;2024-01-29 12:49:24;2024-01-29 12:59:55;2024-01-29;12;Monday;1;2024;10,516666666666667
0d0689;SLI2080 ;MMMX;;2024-01-29 12:42:38;2024-01-29 12:57:42;2024-01-29;12;Monday;1;2024;15,066666666666666
471daf;WZZ3NE  ;;LHBP;2024-01-29 12:12:11;2024-01-29 12:36:56;2024-01-29;12;Monday;1;2024;24,75
4d21f2;RYR86CG ;;;2024-01-29 12:08:14;2024-01-29 12:39:44;2024-01-29;12;Monday;1;2024;31,5
800db1;IGO7918 ;VOBL;;2024-01-29 12:30:05;2024-01-29 12:58:48;2024-01-29;12;Monday;1;2024;28,716666666666665
abadd6;SWA406  ;KAUS;KDAL;2024-01-29 12:11:33;2024-01-29 12:51:28;2024-01-29;12;Monday;1;2024;39,91666666666666
346182;ANE11JD ;LEIB;LEAL;2024-01-29 12:15:35;2024-01-29 12:50:59;2024-01-29;12;Monday;1;2024;35,4
3986a3;FHBVD   ;LFBY;;2024-01-29 12:07:04;2024-01-29 12:21:44;2024-01-29;12;Monday;1;2024;14,666666666666666
4601f9;FIN3W   ;EFHK;EETN;2024-01-29 12:38:03;2024-01-29 12:59:17;2024-01-29;12;Monday;1;2024;21,23333333333333
47c039;NOR255  ;ENBR;;2024-01-29 12:04:14;2024-01-29 12:26:42;2024-01-29;12;Monday;1;2024;22,466666666666665
706025;KAC619  ;OKBK;;2024-01-29 12:17:30;2024-01-29 12:27:56;2024-01-29;12;Monday;1;2024;10,433333333333334
a24720;RPA5775 ;KLGA;KBOS;2024-01-29 12:15:31;2024-01-29 12:54:20;2024-01-29;12;Monday;1;2024;38,81666666666667
e49b82;AZU2974 ;SBKP;;2024-01-29 12:10:32;2024-01-29 12:33:59;2024-01-29;12;Monday;1;2024;23,45
0d0b7c;VIV4179 ;;;2024-01-29 12:40:13;2024-01-29 12:55:21;2024-01-29;12;Monday;1;2024;15,133333333333333
44022b;AUA72G  ;LOWW;;2024-01-29 12:05:12;2024-01-29 12:44:25;2024-01-29;12;Monday;1;2024;39,21666666666667
3e1683;CHX29   ;EDDH;EDDH;2024-01-29 12:05:00;2024-01-29 12:19:29;2024-01-29;12;Monday;1;2024;14,483333333333333
4cadcc;ITY1642 ;;LIML;2024-01-29 12:03:03;2024-01-29 12:57:48;2024-01-29;12;Monday;1;2024;54,75
880c43;AIQ3110 ;VTBD;;2024-01-29 12:02:02;2024-01-29 12:38:24;2024-01-29;12;Monday;1;2024;36,36666666666667
8964c6;ABY401  ;OMSJ;;2024-01-29 12:38:45;2024-01-29 12:51:11;2024-01-29;12;Monday;1;2024;12,433333333333334
a4c164;AAH57   ;;;2024-01-29 12:43:11;2024-01-29 12:53:35;2024-01-29;12;Monday;1;2024;10,4
a992b0;N716DP  ;KRBD;KRBD;2024-01-29 12:18:35;2024-01-29 12:48:29;2024-01-29;12;Monday;1;2024;29,9
4067ce;GWPDD   ;EGGD;EGNX;2024-01-29 12:05:33;2024-01-29 12:50:30;2024-01-29;12;Monday;1;2024;44,95
44ce85;OOSTE   ;EBGB;EBKT;2024-01-29 12:33:58;2024-01-29 12:52:18;2024-01-29;12;Monday;1;2024;18,33333333333333
3b752d;MET42   ;;LFBN;2024-01-29 12:02:33;2024-01-29 12:50:41;2024-01-29;12;Monday;1;2024;48,13333333333333
501dc4;CTN6X   ;;;2024-01-29 12:17:07;2024-01-29 12:30:43;2024-01-29;12;Monday;1;2024;13,6
4d234b;RYR832Q ;;LIRA;2024-01-29 12:12:23;2024-01-29 12:46:08;2024-01-29;12;Monday;1;2024;33,75
a39e8a;        ;9TA1;KSAT;2024-01-29 12:06:35;2024-01-29 12:19:04;2024-01-29;12;Monday;1;2024;12,483333333333333
a7ef3c;N610FA  ;KLOM;KLOM;2024-01-29 12:37:19;2024-01-29 12:52:15;2024-01-29;12;Monday;1;2024;14,933333333333334
ac2cb6;N884AE  ;KPWA;K3O3;2024-01-29 12:06:05;2024-01-29 12:26:53;2024-01-29;12;Monday;1;2024;20,8
4b3293;HBTDZ   ;LSGR;LSGR;2024-01-29 12:25:42;2024-01-29 12:37:41;2024-01-29;12;Monday;1;2024;11,983333333333333
4b3293;HBTDZ   ;LSGR;LSGR;2024-01-29 12:03:39;2024-01-29 12:15:21;2024-01-29;12;Monday;1;2024;11,7
800b63;AIC237  ;VIDP;;2024-01-29 12:04:04;2024-01-29 12:38:43;2024-01-29;12;Monday;1;2024;34,65
a1fb3c;N227CH  ;KRDU;;2024-01-29 12:14:18;2024-01-29 12:33:42;2024-01-29;12;Monday;1;2024;19,4
aa63ed;ENY3609 ;KCMI;KORD;2024-01-29 12:15:13;2024-01-29 12:50:19;2024-01-29;12;Monday;1;2024;35,1
adfd72;CNV6129 ;;;2024-01-29 12:21:07;2024-01-29 12:55:52;2024-01-29;12;Monday;1;2024;34,75
c00e93;AKT101  ;CYOW;;2024-01-29 12:03:50;2024-01-29 12:29:39;2024-01-29;12;Monday;1;2024;25,816666666666663
493291;NJE117A ;ESMK;EDDB;2024-01-29 12:07:33;2024-01-29 12:47:58;2024-01-29;12;Monday;1;2024;40,41666666666666
3ddc6b;CHX84   ;EDAQ;EDBT;2024-01-29 12:14:42;2024-01-29 12:31:20;2024-01-29;12;Monday;1;2024;16,633333333333333
4b7f65;V620    ;LSZL;LSZL;2024-01-29 12:20:21;2024-01-29 12:55:38;2024-01-29;12;Monday;1;2024;35,28333333333333
a09d9f;N139LE  ;EHGG;EHBK;2024-01-29 12:13:50;2024-01-29 12:58:16;2024-01-29;12;Monday;1;2024;44,43333333333333
4cc539;FEI752  ;BIRK;;2024-01-29 12:06:43;2024-01-29 12:24:59;2024-01-29;12;Monday;1;2024;18,266666666666666
800b52;LLR643  ;VIDP;;2024-01-29 12:12:26;2024-01-29 12:36:45;2024-01-29;12;Monday;1;2024;24,316666666666663
a96ebd;N707BW  ;KFKR;KBMI;2024-01-29 12:15:52;2024-01-29 12:53:28;2024-01-29;12;Monday;1;2024;37,6
aa1a81;SKW3058 ;;KDFW;2024-01-29 12:10:53;2024-01-29 12:59:25;2024-01-29;12;Monday;1;2024;48,53333333333333
0d0a26;VOI158  ;;;2024-01-29 12:08:39;2024-01-29 12:30:52;2024-01-29;12;Monday;1;2024;22,216666666666665
40789e;BHL43J  ;EGPD;;2024-01-29 12:12:00;2024-01-29 12:52:46;2024-01-29;12;Monday;1;2024;40,766666666666666
4406cf;OEXHV   ;EDNK;EDNK;2024-01-29 12:14:32;2024-01-29 12:42:11;2024-01-29;12;Monday;1;2024;27,65
780525;CCA117  ;;VHHH;2024-01-29 12:24:37;2024-01-29 12:50:24;2024-01-29;12;Monday;1;2024;25,78333333333333
89648b;FDB647  ;OMDB;;2024-01-29 12:04:33;2024-01-29 12:19:53;2024-01-29;12;Monday;1;2024;15,333333333333334
a026fc;AMX820  ;MMMX;;2024-01-29 12:32:02;2024-01-29 12:48:48;2024-01-29;12;Monday;1;2024;16,766666666666666
3443d4;VLG2VX  ;LEBL;;2024-01-29 12:28:11;2024-01-29 12:47:14;2024-01-29;12;Monday;1;2024;19,05
4613d0;FIH50   ;;EFOU;2024-01-29 12:42:41;2024-01-29 12:54:29;2024-01-29;12;Monday;1;2024;11,8
a47a47;N388P   ;KLEE;KX50;2024-01-29 12:29:29;2024-01-29 12:47:55;2024-01-29;12;Monday;1;2024;18,433333333333334
a6dbf3;DAL370  ;;KLAX;2024-01-29 12:11:04;2024-01-29 12:46:57;2024-01-29;12;Monday;1;2024;35,88333333333333
a96c72;SKW3115 ;;KDFW;2024-01-29 12:30:07;2024-01-29 12:52:13;2024-01-29;12;Monday;1;2024;22,1
aa95bf;RLC781  ;KGAO;;2024-01-29 12:41:24;2024-01-29 12:52:25;2024-01-29;12;Monday;1;2024;11,016666666666667
abd75a;N862MB  ;;KTUS;2024-01-29 12:22:10;2024-01-29 12:41:09;2024-01-29;12;Monday;1;2024;18,98333333333333
3c5eee;GWI30BJ ;EDDM;EDDH;2024-01-29 12:02:04;2024-01-29 12:55:19;2024-01-29;12;Monday;1;2024;53,25
3d54b2;DFEIC   ;LOWL;EDMV;2024-01-29 12:12:53;2024-01-29 12:32:39;2024-01-29;12;Monday;1;2024;19,766666666666666
4baa0b;THY8FD  ;LTFM;;2024-01-29 12:18:00;2024-01-29 12:46:57;2024-01-29;12;Monday;1;2024;28,95
750530;AXM8005 ;;WMKK;2024-01-29 12:01:54;2024-01-29 12:23:13;2024-01-29;12;Monday;1;2024;21,316666666666663
888129;HVN218  ;;VVGL;2024-01-29 12:34:37;2024-01-29 12:58:19;2024-01-29;12;Monday;1;2024;23,7
a8feb8;SKW5605 ;KSBN;KORD;2024-01-29 12:29:41;2024-01-29 12:50:28;2024-01-29;12;Monday;1;2024;20,78333333333333
0092c6;ZSHCF   ;FADR;FAGM;2024-01-29 12:14:54;2024-01-29 12:24:56;2024-01-29;12;Monday;1;2024;10,033333333333331
43ed4b;SEGUL21 ;;;2024-01-29 12:39:22;2024-01-29 12:51:14;2024-01-29;12;Monday;1;2024;11,866666666666667
48adaf;LOT3837 ;EPWA;EPGD;2024-01-29 12:21:20;2024-01-29 12:57:59;2024-01-29;12;Monday;1;2024;36,65
3c6662;DLH2WU  ;EDDF;EDDB;2024-01-29 12:08:30;2024-01-29 12:55:47;2024-01-29;12;Monday;1;2024;47,28333333333333
4b43ed;HBZSV   ;;LSTA;2024-01-29 12:19:12;2024-01-29 12:39:11;2024-01-29;12;Monday;1;2024;19,98333333333333
8014c4;VTI775  ;;;2024-01-29 12:42:14;2024-01-29 12:53:20;2024-01-29;12;Monday;1;2024;11,1
a1c5ef;N213PC  ;KAGC;KZER;2024-01-29 12:09:28;2024-01-29 12:48:28;2024-01-29;12;Monday;1;2024;39,0
a87f41;PDT5835 ;;KCLT;2024-01-29 12:09:45;2024-01-29 12:36:26;2024-01-29;12;Monday;1;2024;26,683333333333334
